2026-09-14 21:34:13,559 [INFO] Activator:176 - 


2026-09-14 21:34:13,560 [INFO] Activator:177 - !SESSION log4j initialized
2026-09-14 21:34:13,656 [ERROR] LogOutputStream:75 - [STDERR_REDIRECT] SWT Webkit: Warning, You are using an old version of webkitgtk. (pre 2.4) BrowserFunction functionality will not be available
2026-09-14 21:34:13,657 [ERROR] LogOutputStream:75 - [STDERR_REDIRECT] SWT WebKit: error initializing DBus server, dBusServer == 0
2026-09-14 21:34:15,012 [INFO] LogOutputStream:77 - [STDOUT_REDIRECT] 
2026-09-14 21:34:30,432 [INFO] ApplicationProperties:184 - Using Application install path: /app/stm32cubeide/plugins/com.st.stm32cube.common.mx_6.8.0.202302231600
2026-09-14 21:34:30,445 [INFO] DbMcusXml:78 - Set database path to: /app/stm32cubeide/plugins/com.st.stm32cube.common.mx_6.8.0.202302231600//db//mcu/
2026-09-14 21:34:30,446 [INFO] ApiDb:274 - Set plugin database path to: /app/stm32cubeide/plugins/com.st.stm32cube.common.mx_6.8.0.202302231600//db//plugins/boardmanager/
2026-09-14 21:34:30,447 [WARN] ApiDb:259 - Overriding images path with different value:  => /app/stm32cubeide/plugins/com.st.stm32cube.common.mx_6.8.0.202302231600//db//plugins/mcufinder/images/
2026-09-14 21:34:30,460 [INFO] ApiDb:250 - Set database path to: /home/abderrahim/.stmcufinder/plugins/mcufinder//mcu/
2026-09-14 21:34:30,461 [INFO] DbMcusAds:125 - Set database path to: /home/abderrahim/.stmcufinder/plugins/mcufinder//mcu/
2026-09-14 21:34:30,500 [INFO] CrossReferenceDbSqlite:203 - Set database path to: /home/abderrahim/.stmcufinder/plugins/mcufinder//mcu/cs/
2026-09-14 21:34:30,572 [INFO] RulesReader:64 - Compatibility file has been processed (293 Rules)
2026-09-14 21:34:30,621 [INFO] DbMcusXml:78 - Set database path to: /app/stm32cubeide/plugins/com.st.stm32cube.common.mx_6.8.0.202302231600//db//mcu/
2026-09-14 21:34:30,621 [INFO] ApiDb:274 - Set plugin database path to: /app/stm32cubeide/plugins/com.st.stm32cube.common.mx_6.8.0.202302231600//db//plugins/boardmanager/
2026-09-14 21:34:30,622 [INFO] ApiDb:261 - Set plugin images path to: /app/stm32cubeide/plugins/com.st.stm32cube.common.mx_6.8.0.202302231600//db//plugins/mcufinder/images/
2026-09-14 21:34:30,622 [WARN] DbFile:41 - Overriding database path with different value: /home/abderrahim/.stmcufinder/plugins/mcufinder/ => /home/abderrahim/.stmcufinder/plugins/mcufinder
2026-09-14 21:34:30,622 [INFO] ApiDb:250 - Set database path to: /home/abderrahim/.stmcufinder/plugins/mcufinder//mcu/
2026-09-14 21:34:30,622 [WARN] DbFile:41 - Overriding database path with different value: /home/abderrahim/.stmcufinder/plugins/mcufinder/ => /home/abderrahim/.stmcufinder/plugins/mcufinder
2026-09-14 21:34:30,622 [INFO] DbMcusAds:125 - Set database path to: /home/abderrahim/.stmcufinder/plugins/mcufinder//mcu/
2026-09-14 21:34:30,622 [WARN] DbFile:41 - Overriding database path with different value: /home/abderrahim/.stmcufinder/plugins/mcufinder/ => /home/abderrahim/.stmcufinder/plugins/mcufinder
2026-09-14 21:34:30,622 [WARN] DbFile:41 - Overriding database path with different value: /home/abderrahim/.stmcufinder/plugins/mcufinder/ => /home/abderrahim/.stmcufinder/plugins/mcufinder
2026-09-14 21:34:30,622 [INFO] CrossReferenceDbSqlite:203 - Set database path to: /home/abderrahim/.stmcufinder/plugins/mcufinder//mcu/cs/
2026-09-14 21:34:30,677 [INFO] MainPanel:253 - HeapMemory: 268435456
2026-09-14 21:34:30,797 [INFO] DbMcusXml:78 - Set database path to: /app/stm32cubeide/plugins/com.st.stm32cube.common.mx_6.8.0.202302231600//db//mcu/
2026-09-14 21:34:30,797 [INFO] ApiDb:274 - Set plugin database path to: /app/stm32cubeide/plugins/com.st.stm32cube.common.mx_6.8.0.202302231600//db//plugins/boardmanager/
2026-09-14 21:34:30,797 [INFO] ApiDb:261 - Set plugin images path to: /app/stm32cubeide/plugins/com.st.stm32cube.common.mx_6.8.0.202302231600//db//plugins/mcufinder/images/
2026-09-14 21:34:30,798 [WARN] DbFile:41 - Overriding database path with different value: /home/abderrahim/.stmcufinder/plugins/mcufinder/ => /home/abderrahim/.stmcufinder/plugins/mcufinder
2026-09-14 21:34:30,798 [INFO] ApiDb:250 - Set database path to: /home/abderrahim/.stmcufinder/plugins/mcufinder//mcu/
2026-09-14 21:34:30,798 [WARN] DbFile:41 - Overriding database path with different value: /home/abderrahim/.stmcufinder/plugins/mcufinder/ => /home/abderrahim/.stmcufinder/plugins/mcufinder
2026-09-14 21:34:30,798 [INFO] DbMcusAds:125 - Set database path to: /home/abderrahim/.stmcufinder/plugins/mcufinder//mcu/
2026-09-14 21:34:30,798 [WARN] DbFile:41 - Overriding database path with different value: /home/abderrahim/.stmcufinder/plugins/mcufinder/ => /home/abderrahim/.stmcufinder/plugins/mcufinder
2026-09-14 21:34:30,798 [WARN] DbFile:41 - Overriding database path with different value: /home/abderrahim/.stmcufinder/plugins/mcufinder/ => /home/abderrahim/.stmcufinder/plugins/mcufinder
2026-09-14 21:34:30,798 [INFO] CrossReferenceDbSqlite:203 - Set database path to: /home/abderrahim/.stmcufinder/plugins/mcufinder//mcu/cs/
2026-09-14 21:34:30,811 [INFO] ApplicationProperties:184 - Using Application install path: /app/stm32cubeide/plugins/com.st.stm32cube.common.mx_6.8.0.202302231600
2026-09-14 21:34:30,812 [INFO] PluginManage:196 - Search for loadable plugins [exclusion list=, ]
2026-09-14 21:34:30,813 [INFO] PluginManage:310 - Check plugin analytics
2026-09-14 21:34:30,913 [INFO] AnalyticsPlugin:253 - Accepted Software Licenses: STM32CubeMX.6.17.0,STM32CubeMX.6.18.1
2026-09-14 21:34:30,914 [INFO] AnalyticsPlugin:255 - Accepted CMSIS Pack Licenses: 
2026-09-14 21:34:30,914 [INFO] AnalyticsPlugin:257 - Accepted Firmware Licenses: FW.L4.1.18.0,FW.F4.1.28.0
2026-09-14 21:34:30,918 [INFO] PluginManage:359 - Loaded plugin analytics (category:tool,tabindex:-1)
2026-09-14 21:34:30,919 [INFO] PluginManage:310 - Check plugin cadmodel
2026-09-14 21:34:30,952 [INFO] CADModel:105 - Init CAD model plugin
2026-09-14 21:34:30,952 [INFO] PluginManage:359 - Loaded plugin cadmodel (category:power,tabindex:5)
2026-09-14 21:34:30,952 [INFO] PluginManage:310 - Check plugin clock
2026-09-14 21:34:30,960 [INFO] PluginManage:359 - Loaded plugin clock (category:base,tabindex:2)
2026-09-14 21:34:30,961 [INFO] PluginManage:310 - Check plugin ddr
2026-09-14 21:34:30,963 [INFO] PluginManage:359 - Loaded plugin ddr (category:tool,tabindex:6)
2026-09-14 21:34:30,963 [INFO] PluginManage:310 - Check plugin filemanager
2026-09-14 21:34:31,071 [INFO] PluginManage:359 - Loaded plugin filemanager (category:base,tabindex:10)
2026-09-14 21:34:31,071 [INFO] PluginManage:310 - Check plugin ipmanager
2026-09-14 21:34:31,077 [INFO] PluginManage:359 - Loaded plugin ipmanager (category:base,tabindex:5)
2026-09-14 21:34:31,077 [INFO] PluginManage:310 - Check plugin lpbam
2026-09-14 21:34:31,085 [INFO] PluginManage:359 - Loaded plugin lpbam (category:base,tabindex:0)
2026-09-14 21:34:31,086 [INFO] PluginManage:310 - Check plugin pinoutandconfiguration
2026-09-14 21:34:31,092 [INFO] PluginManage:359 - Loaded plugin pinoutandconfiguration (category:base,tabindex:1)
2026-09-14 21:34:31,092 [INFO] PluginManage:310 - Check plugin pinoutconfig
2026-09-14 21:34:31,148 [WARN] SupportedApi:132 - Cannot load RTOS API schema: s4s-elt-must-match.1: The content of 'definitions' must match (annotation?, (simpleType | complexType)?, (unique | key | keyref)*)). A problem was found starting at: attribute.
2026-09-14 21:34:31,244 [INFO] PluginManage:359 - Loaded plugin pinoutconfig (category:base,tabindex:0)
2026-09-14 21:34:31,244 [INFO] PluginManage:310 - Check plugin power
2026-09-14 21:34:31,253 [INFO] PluginManage:359 - Loaded plugin power (category:power,tabindex:4)
2026-09-14 21:34:31,253 [INFO] PluginManage:310 - Check plugin projectmanager
2026-09-14 21:34:31,264 [INFO] PluginManage:359 - Loaded plugin projectmanager (category:projectmanager,tabindex:3)
2026-09-14 21:34:31,264 [INFO] PluginManage:310 - Check plugin thirdparty
2026-09-14 21:34:31,351 [INFO] PluginManage:359 - Loaded plugin thirdparty (category:base,tabindex:-1)
2026-09-14 21:34:31,351 [WARN] IntegrityCheckThread:84 - waiting for thirdparty lock release [integrity check]
2026-09-14 21:34:31,352 [INFO] PluginManage:310 - Check plugin tools
2026-09-14 21:34:31,352 [INFO] IntegrityCheckThread:86 - entering critical section [integrity check]
2026-09-14 21:34:31,353 [INFO] ThirdPartyUpdaterWithRetryManager:70 - Updater plugin not ready yet. [1/15]
2026-09-14 21:34:31,354 [INFO] PluginManage:359 - Loaded plugin tools (category:base,tabindex:7)
2026-09-14 21:34:31,354 [INFO] PluginManage:310 - Check plugin tutovideos
2026-09-14 21:34:31,482 [INFO] PluginManage:359 - Loaded plugin tutovideos (category:base,tabindex:-1)
2026-09-14 21:34:31,482 [INFO] PluginManage:310 - Check plugin updater
2026-09-14 21:34:31,492 [INFO] PluginManage:359 - Loaded plugin updater (category:base,tabindex:12)
2026-09-14 21:34:31,493 [INFO] PluginManage:283 - PluginManage : Loaded plugins [15]
2026-09-14 21:34:31,665 [INFO] PinOutPanel:1499 - setPackage(No Configuration,No Configuration)
2026-09-14 21:34:31,702 [INFO] CADModel:165 - CPN selected for project level
2026-09-14 21:34:31,702 [INFO] CADModel:114 - Register for checkConnection events
2026-09-14 21:34:31,712 [INFO] IPUIPlugin:80 - create IPUIPlugin
2026-09-14 21:34:31,715 [INFO] PluginManager:220 - loadIPPluginJar : add plateformsettings
2026-09-14 21:34:31,721 [INFO] IPUIPlugin:80 - create IPUIPlugin
2026-09-14 21:34:31,721 [INFO] PluginManager:220 - loadIPPluginJar : add i2s
2026-09-14 21:34:31,723 [INFO] IPUIPlugin:80 - create IPUIPlugin
2026-09-14 21:34:31,723 [INFO] PluginManager:220 - loadIPPluginJar : add gtzc
2026-09-14 21:34:31,725 [INFO] IPUIPlugin:80 - create IPUIPlugin
2026-09-14 21:34:31,725 [INFO] PluginManager:220 - loadIPPluginJar : add aes
2026-09-14 21:34:31,726 [INFO] IPUIPlugin:80 - create IPUIPlugin
2026-09-14 21:34:31,726 [INFO] PluginManager:220 - loadIPPluginJar : add fatfs
2026-09-14 21:34:31,729 [INFO] IPUIPlugin:80 - create IPUIPlugin
2026-09-14 21:34:31,730 [INFO] PluginManager:220 - loadIPPluginJar : add gic
2026-09-14 21:34:31,736 [INFO] IPUIPlugin:80 - create IPUIPlugin
2026-09-14 21:34:31,736 [INFO] PluginManager:220 - loadIPPluginJar : add adc
2026-09-14 21:34:31,737 [INFO] IPUIPlugin:80 - create IPUIPlugin
2026-09-14 21:34:31,737 [INFO] PluginManager:220 - loadIPPluginJar : add can
2026-09-14 21:34:31,739 [INFO] IPUIPlugin:80 - create IPUIPlugin
2026-09-14 21:34:31,739 [INFO] PluginManager:220 - loadIPPluginJar : add openamp
2026-09-14 21:34:31,740 [INFO] IPUIPlugin:80 - create IPUIPlugin
2026-09-14 21:34:31,740 [INFO] PluginManager:220 - loadIPPluginJar : add sai
2026-09-14 21:34:31,742 [INFO] IPUIPlugin:80 - create IPUIPlugin
2026-09-14 21:34:31,742 [INFO] PluginManager:220 - loadIPPluginJar : add dma3
2026-09-14 21:34:31,745 [INFO] IPUIPlugin:80 - create IPUIPlugin
2026-09-14 21:34:31,745 [INFO] PluginManager:220 - loadIPPluginJar : add stm32_wpan
2026-09-14 21:34:31,747 [INFO] IPUIPlugin:80 - create IPUIPlugin
2026-09-14 21:34:31,747 [INFO] PluginManager:220 - loadIPPluginJar : add touchsensing
2026-09-14 21:34:31,749 [INFO] IPUIPlugin:80 - create IPUIPlugin
2026-09-14 21:34:31,749 [INFO] PluginManager:220 - loadIPPluginJar : add opamp
2026-09-14 21:34:31,754 [INFO] IPUIPlugin:80 - create IPUIPlugin
2026-09-14 21:34:31,754 [INFO] PluginManager:220 - loadIPPluginJar : add freertos
2026-09-14 21:34:31,755 [INFO] IPUIPlugin:80 - create IPUIPlugin
2026-09-14 21:34:31,755 [INFO] PluginManager:220 - loadIPPluginJar : add lorawan
2026-09-14 21:34:31,757 [INFO] IPUIPlugin:80 - create IPUIPlugin
2026-09-14 21:34:31,757 [INFO] PluginManager:220 - loadIPPluginJar : add tracer_emb
2026-09-14 21:34:31,758 [INFO] IPUIPlugin:80 - create IPUIPlugin
2026-09-14 21:34:31,758 [INFO] PluginManager:220 - loadIPPluginJar : add i3c
2026-09-14 21:34:31,761 [INFO] IPUIPlugin:80 - create IPUIPlugin
2026-09-14 21:34:31,761 [INFO] PluginManager:220 - loadIPPluginJar : add fmc
2026-09-14 21:34:31,766 [INFO] IPUIPlugin:80 - create IPUIPlugin
2026-09-14 21:34:31,766 [INFO] PluginManager:220 - loadIPPluginJar : add dma
2026-09-14 21:34:31,767 [INFO] IPUIPlugin:80 - create IPUIPlugin
2026-09-14 21:34:31,768 [INFO] PluginManager:220 - loadIPPluginJar : add tim
2026-09-14 21:34:31,773 [INFO] IPUIPlugin:80 - create IPUIPlugin
2026-09-14 21:34:31,773 [INFO] PluginManager:220 - loadIPPluginJar : add mdma
2026-09-14 21:34:31,778 [INFO] IPUIPlugin:80 - create IPUIPlugin
2026-09-14 21:34:31,778 [INFO] PluginManager:220 - loadIPPluginJar : add linkedlist
2026-09-14 21:34:31,779 [INFO] IPUIPlugin:80 - create IPUIPlugin
2026-09-14 21:34:31,779 [INFO] PluginManager:220 - loadIPPluginJar : add genericplugin
2026-09-14 21:34:31,780 [INFO] IPUIPlugin:80 - create IPUIPlugin
2026-09-14 21:34:31,780 [INFO] PluginManager:220 - loadIPPluginJar : add ltdc
2026-09-14 21:34:31,784 [INFO] IPUIPlugin:80 - create IPUIPlugin
2026-09-14 21:34:31,784 [INFO] PluginManager:220 - loadIPPluginJar : add gpio
2026-09-14 21:34:31,786 [INFO] IPUIPlugin:80 - create IPUIPlugin
2026-09-14 21:34:31,786 [INFO] PluginManager:220 - loadIPPluginJar : add i2c
2026-09-14 21:34:31,787 [INFO] IPUIPlugin:80 - create IPUIPlugin
2026-09-14 21:34:31,787 [INFO] PluginManager:220 - loadIPPluginJar : add tsc
2026-09-14 21:34:31,789 [INFO] IPUIPlugin:80 - create IPUIPlugin
2026-09-14 21:34:31,789 [INFO] PluginManager:220 - loadIPPluginJar : add cryp
2026-09-14 21:34:31,792 [INFO] IPUIPlugin:80 - create IPUIPlugin
2026-09-14 21:34:31,792 [INFO] PluginManager:220 - loadIPPluginJar : add ipddr
2026-09-14 21:34:31,794 [INFO] IPUIPlugin:80 - create IPUIPlugin
2026-09-14 21:34:31,794 [INFO] PluginManager:220 - loadIPPluginJar : add usbx
2026-09-14 21:34:31,797 [INFO] IPUIPlugin:80 - create IPUIPlugin
2026-09-14 21:34:31,797 [INFO] PluginManager:220 - loadIPPluginJar : add nvic
2026-09-14 21:34:31,799 [INFO] IPUIPlugin:80 - create IPUIPlugin
2026-09-14 21:34:31,799 [INFO] PluginManager:220 - loadIPPluginJar : add pdm2pcm
2026-09-14 21:34:31,800 [INFO] IPUIPlugin:80 - create IPUIPlugin
2026-09-14 21:34:31,800 [INFO] PluginManager:220 - loadIPPluginJar : add comp
2026-09-14 21:34:31,801 [INFO] IPUIPlugin:80 - create IPUIPlugin
2026-09-14 21:34:31,801 [INFO] PluginManager:220 - loadIPPluginJar : add hash
2026-09-14 21:34:31,803 [INFO] IPUIPlugin:80 - create IPUIPlugin
2026-09-14 21:34:31,803 [INFO] PluginManager:220 - loadIPPluginJar : add ts
2026-09-14 21:34:31,804 [INFO] IPUIPlugin:80 - create IPUIPlugin
2026-09-14 21:34:31,804 [INFO] PluginManager:220 - loadIPPluginJar : add quadspi
2026-09-14 21:34:31,805 [INFO] IPUIPlugin:80 - create IPUIPlugin
2026-09-14 21:34:31,805 [INFO] PluginManager:220 - loadIPPluginJar : add spi
2026-09-14 21:34:31,806 [INFO] IPUIPlugin:80 - create IPUIPlugin
2026-09-14 21:34:31,806 [INFO] PluginManager:220 - loadIPPluginJar : add ucpd
2026-09-14 21:34:31,807 [INFO] IPUIPlugin:80 - create IPUIPlugin
2026-09-14 21:34:31,807 [INFO] PluginManager:220 - loadIPPluginJar : add dfsdm
2026-09-14 21:34:31,810 [INFO] IPUIPlugin:80 - create IPUIPlugin
2026-09-14 21:34:31,810 [INFO] PluginManager:220 - loadIPPluginJar : add resmgrutility
2026-09-14 21:34:31,812 [INFO] IPUIPlugin:80 - create IPUIPlugin
2026-09-14 21:34:31,812 [INFO] PluginManager:220 - loadIPPluginJar : add usart
2026-09-14 21:34:31,813 [INFO] IPUIPlugin:80 - create IPUIPlugin
2026-09-14 21:34:31,814 [INFO] PluginManager:220 - loadIPPluginJar : add gfxmmu
2026-09-14 21:34:31,906 [INFO] CADModel:165 - CPN selected for project level
2026-09-14 21:34:31,906 [INFO] CADModel:114 - Register for checkConnection events
2026-09-14 21:34:31,906 [FATAL] Updater:308 - Updater called before beeing initialized
2026-09-14 21:34:31,906 [ERROR] CADModel:125 - Updater not yet initialized, retry later 
2026-09-14 21:34:32,000 [INFO] CADModel:165 - CPN selected for project level
2026-09-14 21:34:32,001 [INFO] CADModel:114 - Register for checkConnection events
2026-09-14 21:34:32,001 [FATAL] Updater:308 - Updater called before beeing initialized
2026-09-14 21:34:32,001 [ERROR] CADModel:125 - Updater not yet initialized, retry later 
2026-09-14 21:34:32,003 [FATAL] Updater:308 - Updater called before beeing initialized
2026-09-14 21:34:32,054 [FATAL] Updater:308 - Updater called before beeing initialized
2026-09-14 21:34:32,059 [INFO] DbMcusAds:53 - JSON generation date=Wed Jul 15 11:44:54 CEST 2026 (1784108694001)
2026-09-14 21:34:32,059 [FATAL] Updater:308 - Updater called before beeing initialized
2026-09-14 21:34:32,089 [WARN] DetailPanel:346 - Failed to get advertising image, set to default
2026-09-14 21:34:32,175 [FATAL] Updater:308 - Updater called before beeing initialized
2026-09-14 21:34:32,176 [FATAL] Updater:308 - Updater called before beeing initialized
2026-09-14 21:34:32,177 [FATAL] Updater:308 - Updater called before beeing initialized
2026-09-14 21:34:32,177 [WARN] DetailPanel:346 - Failed to get advertising image, set to default
2026-09-14 21:34:32,177 [FATAL] Updater:308 - Updater called before beeing initialized
2026-09-14 21:34:32,201 [ERROR] Updater:1120 - MainUpdater not yet initialized. External WinMGr cannot be set.
2026-09-14 21:34:32,203 [INFO] Updater:1056 - Updater Version found : 6.8.0
2026-09-14 21:34:32,215 [INFO] ApplicationProperties:184 - Using Application install path: /app/stm32cubeide/plugins/com.st.stm32cube.common.mx_6.8.0.202302231600
2026-09-14 21:34:32,454 [INFO] MainUpdater:2854 - connection check result : 10
2026-09-14 21:34:32,454 [INFO] MainUpdater:3548 - Updater definition file requires update
2026-09-14 21:34:32,454 [INFO] MainUpdater:283 - Updater Check For Update Now.
2026-09-14 21:34:32,455 [INFO] MicroXplorer:498 - Change Database Version : DB.6.0.80
2026-09-14 21:34:32,512 [INFO] ServerAccessManage:473 - Download File updaters.zip
2026-09-14 21:34:32,567 [INFO] FileExtend:240 - Unzip File : updaters.zip
2026-09-14 21:34:32,567 [INFO] FileExtend:255 - Standard Zip Deflate
2026-09-14 21:34:32,741 [INFO] ServerAccessManage:473 - Download File PacksControlFlags.xml
2026-09-14 21:34:32,837 [INFO] ServerAccessManage:473 - Download File cubemx.pidx
2026-09-14 21:34:32,915 [INFO] LoadServerUpdatesThread:373 - End of LoadServerUpdate Thread
2026-09-14 21:34:33,067 [INFO] CheckServerUpdateThread:120 - End of CheckServer Thread
2026-09-14 21:34:33,261 [INFO] MainUpdater:2854 - connection check result : 10
2026-09-14 21:34:33,268 [INFO] McuFinderGlobals:66 - Set McuFinderConnectedMode to true
2026-09-14 21:34:33,441 [INFO] ServerAccessManage:473 - Download File mcusAds.json._tmp_
2026-09-14 21:34:33,545 [INFO] LoadUrlFilesThread:156 - End of LoadUrlFiles Thread
2026-09-14 21:34:33,850 [INFO] ServerAccessManage:473 - Download File cube-finder-db.zip
2026-09-14 21:34:34,355 [WARN] MainUpdater:1187 - Updater busy. Cannot search thirdparties
2026-09-14 21:34:34,356 [INFO] ThirdPartyUpdaterWithRetryManager:96 - Updater plugin is busy. [1/15]
2026-09-14 21:34:35,572 [ERROR] LogOutputStream:75 - [STDERR_REDIRECT] SLF4J: Failed to load class "org.slf4j.impl.StaticLoggerBinder".
2026-09-14 21:34:35,573 [ERROR] LogOutputStream:75 - [STDERR_REDIRECT] SLF4J: Defaulting to no-operation (NOP) logger implementation
2026-09-14 21:34:35,573 [ERROR] LogOutputStream:75 - [STDERR_REDIRECT] SLF4J: See http://www.slf4j.org/codes.html#StaticLoggerBinder for further details.
2026-09-14 21:34:36,532 [INFO] FileExtend:240 - Unzip File : cube-finder-db.zip
2026-09-14 21:34:36,532 [INFO] FileExtend:255 - Standard Zip Deflate
2026-09-14 21:34:37,106 [INFO] LoadUrlFilesThread:156 - End of LoadUrlFiles Thread
2026-09-14 21:34:37,330 [ERROR] ServerAccessManage:1172 - Problem during Server Connection :  IO error PKIX path building failed: sun.security.provider.certpath.SunCertPathBuilderException: unable to find valid certification path to requested target
2026-09-14 21:34:37,331 [ERROR] ServerAccessManage:651 - Problem during Server Connection :  : crdb.zip.
2026-09-14 21:34:37,356 [WARN] MainUpdater:1187 - Updater busy. Cannot search thirdparties
2026-09-14 21:34:37,356 [INFO] ThirdPartyUpdaterWithRetryManager:96 - Updater plugin is busy. [2/15]
2026-09-14 21:34:38,892 [INFO] LoadUrlFilesThread:156 - End of LoadUrlFiles Thread
2026-09-14 21:34:39,950 [INFO] DbMcusAds:53 - JSON generation date=Wed Jul 15 11:44:54 CEST 2026 (1784108694001)
2026-09-14 21:34:39,973 [ERROR] TargetSelectorAdapter:267 - Unable to refresh data
2026-09-14 21:34:40,150 [INFO] ApiDb:581 - Connected to CubeFinder SQLite database (/home/abderrahim/.stmcufinder/plugins/mcufinder/mcu/cube-finder-db.db)
2026-09-14 21:34:40,191 [INFO] ApiDb:668 - CubeFinder database Data Model version=2.1
2026-09-14 21:34:40,192 [INFO] ApiDb:669 - CubeFinder database Configuration version=3.0.42
2026-09-14 21:34:40,192 [INFO] ApiDb:670 - CubeFinder database generation date=2026-08-04 (1785840812)
2026-09-14 21:34:40,192 [INFO] ApiDb:671 - CubeFinder database FW Pack versions=[FP-ATR-ASTRA1_V2.0.0, FP-SNS-FLIGHT1_V5.1.0, FP-SNS-MOTENV1_V5.1.0, FP-SNS-MOTENVWB1_V1.5.0, FP-SNS-SMARTAG2_V1.2.0, FP-SNS-STBOX1_V2.1.0, STM32Cube_FW_C0_V1.4.1, STM32Cube_FW_F4_V1.28.3, STM32Cube_FW_F7_V1.17.4, STM32Cube_FW_G0_V1.6.3, STM32Cube_FW_G4_V1.6.2, STM32Cube_FW_H5_V1.7.0, STM32Cube_FW_H7RS_V1.3.0, STM32Cube_FW_H7_V1.13.0, STM32Cube_FW_L0_V1.12.2, STM32Cube_FW_L4_V1.18.2, STM32Cube_FW_L5_V1.6.0, STM32Cube_FW_N6_V1.4.0, STM32Cube_FW_U0_V1.3.0, STM32Cube_FW_U3_V1.4.0, STM32Cube_FW_U5_V1.9.0, STM32Cube_FW_WB0_V1.5.0, STM32Cube_FW_WBA_V1.10.0, STM32Cube_FW_WB_V1.24.0, STM32Cube_FW_WL3_V1.5.0, STM32Cube_FW_WL_V1.6.0, X-CUBE-ALGOBUILD_V1.5.0, X-CUBE-ALS_V1.0.2, X-CUBE-AZRTOS-F4_V1.1.0, X-CUBE-AZRTOS-F7_V1.1.0, X-CUBE-AZRTOS-G0_V1.1.0, X-CUBE-AZRTOS-G4_V2.0.0, X-CUBE-AZRTOS-H7RS_V1.3.0, X-CUBE-AZRTOS-H7_V3.5.0, X-CUBE-AZRTOS-L4_V2.0.0, X-CUBE-AZRTOS-L5_V2.0.0, X-CUBE-AZRTOS-WB_V2.0.0, X-CUBE-AZRTOS-WL_V2.0.0, X-CUBE-BLE1_V7.1.0, X-CUBE-BLE2_V3.3.0, X-CUBE-BLEMGR_V4.2.0, X-CUBE-EEPRMA1_V5.2.0, X-CUBE-FREERTOS_V1.6.0, X-CUBE-GNSS1_V7.1.1, X-CUBE-MEMS1_V13.0.0, X-CUBE-NFC4_V3.0.0, X-CUBE-NFC7_V2.0.0, X-CUBE-SFXS2LP1_V4.0.0, X-CUBE-ST67W61_V1.3.0, X-CUBE-SUBG2_V5.0.0, X-CUBE-TOF1_V3.4.3]
2026-09-14 21:34:40,236 [INFO] DbBoardsSqlite:226 - include board P-NUCLEO-WB55-NUCLEO as a kit item of type 'Nucleo-64'
2026-09-14 21:34:40,236 [INFO] DbBoardsSqlite:226 - include board P-NUCLEO-WB55-USBDONGLE as a kit item of type 'Nucleo USB Dongle'
2026-09-14 21:34:40,236 [INFO] DbBoardsSqlite:226 - include board STEVAL-IDP005V1 as a kit item of type 'Evaluation Board'
2026-09-14 21:34:40,236 [INFO] DbBoardsSqlite:226 - include board STEVAL-IDP005V2 as a kit item of type 'Evaluation Board'
2026-09-14 21:34:40,272 [INFO] ApiDb:240 - Found 297 in-development CPN: [B-G473E-ZEST1S, B-WB1M-WPAN1, B-WL5M-SUBG1, NUCLEO-C031C6, NUCLEO-H503RB, NUCLEO-H563ZI, NUCLEO-U545RE-Q, NUCLEO-U5A5ZJ-Q, NUCLEO-WBA52CG, STEVAL-PROTEUS1, STEVAL-STWINBX1, STM320518-EVAL, STM32C0116-DK, STM32C011D6Y3TR, STM32C011D6Y6TR, STM32C011F4P3, STM32C011F4P6, STM32C011F4U3, STM32C011F4U6TR, STM32C011F6P3, STM32C011F6P6, STM32C011F6U3, STM32C011F6U6TR, STM32C011J4M3, STM32C011J4M6, STM32C011J6M3, STM32C011J6M6, STM32C0316-DK, STM32C031C4T3, STM32C031C4T6, STM32C031C4U3, STM32C031C4U6, STM32C031C6T3, STM32C031C6T6, STM32C031C6U3, STM32C031C6U6, STM32C031F4P3, STM32C031F4P6, STM32C031F6P3, STM32C031F6P6, STM32C031G4U3, STM32C031G4U6, STM32C031G6U3, STM32C031G6U6, STM32C031K4T3, STM32C031K4T6, STM32C031K4U3, STM32C031K4U6, STM32C031K6T3, STM32C031K6T6, STM32C031K6U3, STM32C031K6U6, STM32G071K8TXN, STM32G071K8UXN, STM32G081GBU6N, STM32G081KBT6N, STM32G081KBUXN, STM32G0B1CCT6N, STM32G0B1KCT6, STM32G0B1NEY6TR, STM32G0B1RCT6N, STM32G0C1CCT6, STM32G0C1CCT6N, STM32G0C1CCU6N, STM32G0C1CET6N, STM32G0C1CEU6N, STM32G0C1KCT6, STM32G0C1NEY6TR, STM32G0C1RCI6N, STM32G0C1RCT6N, STM32G0C1REI6N, STM32G0C1RET6N, STM32G0C1VCI6, STM32G0C1VEI6, STM32G471CCT6, STM32G471CCU6, STM32G471CET3, STM32G471CET6, STM32G471CEU3, STM32G471CEU6, STM32G471MCT6, STM32G471MET3, STM32G471MET6, STM32G471MEY6TR, STM32G471QCT6, STM32G471QET3, STM32G471RCT6, STM32G471RET3, STM32G471RET6, STM32G471VCH6, STM32G471VCI6, STM32G471VCT6, STM32G471VEH3, STM32G471VEH6, STM32G471VEI3, STM32G471VEI6, STM32G471VET3, STM32G471VET6, STM32G474CCT6, STM32H503CBT6, STM32H503CBU6, STM32H503EBY6TR, STM32H503KBU6, STM32H503RBT6, STM32H562AGI6, STM32H562AII6, STM32H562IGK6, STM32H562IGT6, STM32H562IIK6, STM32H562IIT6, STM32H562RGT6, STM32H562RGV6, STM32H562RIT6, STM32H562RIV6, STM32H562VGT6, STM32H562VIT6, STM32H562ZGT6, STM32H562ZIT6, STM32H563AGI6, STM32H563AII3Q, STM32H563AII6, STM32H563IGK6, STM32H563IGT6, STM32H563IIK3Q, STM32H563IIK6, STM32H563IIT3Q, STM32H563IIT6, STM32H563MIY3QTR, STM32H563RGT6, STM32H563RGV6, STM32H563RIT6, STM32H563RIV6, STM32H563VGT6, STM32H563VIT3Q, STM32H563VIT6, STM32H563ZGT6, STM32H563ZIT3Q, STM32H563ZIT6, STM32H573AII3Q, STM32H573AII6, STM32H573I-DK, STM32H573IIK3Q, STM32H573IIK6, STM32H573IIT3Q, STM32H573IIT6, STM32H573MIY3QTR, STM32H573RIT6, STM32H573RIV6, STM32H573VIT3Q, STM32H573VIT6, STM32H573ZIT3Q, STM32H573ZIT6, STM32L4R5QGI6STR, STM32MP131AAE3, STM32MP131AAF3, STM32MP131AAG3, STM32MP131CAE3, STM32MP131CAF3, STM32MP131CAG3, STM32MP131DAE7, STM32MP131DAF7, STM32MP131DAG7, STM32MP131FAE7, STM32MP131FAF7, STM32MP131FAG7, STM32MP133AAE3, STM32MP133AAF3, STM32MP133AAG3, STM32MP133CAE3, STM32MP133CAF3, STM32MP133CAG3, STM32MP133DAE7, STM32MP133DAF7, STM32MP133DAG7, STM32MP133FAE7, STM32MP133FAF7, STM32MP133FAG7, STM32MP135AAE3, STM32MP135AAF3, STM32MP135AAG3, STM32MP135CAE3, STM32MP135CAF3, STM32MP135CAG3, STM32MP135DAE7, STM32MP135DAF7, STM32MP135DAG7, STM32MP135F-DK, STM32MP135FAE7, STM32MP135FAF7, STM32MP135FAF7T, STM32MP135FAF7U, STM32MP135FAG7, STM32U535CBT6, STM32U535CBT6Q, STM32U535CBU6, STM32U535CBU6Q, STM32U535CCT6, STM32U535CCT6Q, STM32U535CCU6, STM32U535CCU6Q, STM32U535CET6, STM32U535CET6Q, STM32U535CEU6, STM32U535CEU6Q, STM32U535JEY6QTR, STM32U535NCY6QTR, STM32U535NEY6QTR, STM32U535RBI6, STM32U535RBI6Q, STM32U535RBT6, STM32U535RBT6Q, STM32U535RCI6, STM32U535RCI6Q, STM32U535RCT6, STM32U535RCT6Q, STM32U535REI6, STM32U535REI6Q, STM32U535RET6, STM32U535RET6Q, STM32U535VCI6, STM32U535VCI6Q, STM32U535VCT6, STM32U535VCT6Q, STM32U535VEI6, STM32U535VEI6Q, STM32U535VET6, STM32U535VET6Q, STM32U545CET6, STM32U545CET6Q, STM32U545CEU6, STM32U545CEU6Q, STM32U545JEY6QTR, STM32U545NEY6QTR, STM32U545REI6, STM32U545REI6Q, STM32U545RET6, STM32U545RET6Q, STM32U545VEI6, STM32U545VEI6Q, STM32U545VET6, STM32U545VET6Q, STM32U595AIH6, STM32U595AIH6Q, STM32U595AJH6, STM32U595AJH6Q, STM32U595QII6, STM32U595QII6Q, STM32U595QJI6, STM32U595QJI6Q, STM32U595RIT6, STM32U595RIT6Q, STM32U595RJT6, STM32U595RJT6Q, STM32U595VIT6, STM32U595VIT6Q, STM32U595VJT6, STM32U595VJT6Q, STM32U595ZIT6, STM32U595ZIT6Q, STM32U595ZIY6QTR, STM32U595ZJT6, STM32U595ZJT6Q, STM32U595ZJY6QTR, STM32U599BJY6QTR, STM32U599NIH6Q, STM32U599NJH6Q, STM32U599VIT6Q, STM32U599VJT6, STM32U599VJT6Q, STM32U599ZIT6Q, STM32U599ZIY6QTR, STM32U599ZJT6Q, STM32U599ZJY6QTR, STM32U5A5AJH6, STM32U5A5AJH6Q, STM32U5A5QJI6, STM32U5A5QJI6Q, STM32U5A5RJT6, STM32U5A5RJT6Q, STM32U5A5VJT6, STM32U5A5VJT6Q, STM32U5A5ZJT6, STM32U5A5ZJT6Q, STM32U5A5ZJY6QTR, STM32U5A9BJY6QTR, STM32U5A9J-DK, STM32U5A9NJH6Q, STM32U5A9VJT6Q, STM32U5A9ZJT6Q, STM32U5A9ZJY6QTR, STM32WB1MMCH6, STM32WBA52CEU6, STM32WBA52CEU6T, STM32WBA52CGU6, STM32WBA52CGU6T, STM32WL5MOCH6, STM32WL5MOCH6TR]
2026-09-14 21:34:40,275 [INFO] ApiDb:668 - CubeFinder database Data Model version=2.1
2026-09-14 21:34:40,275 [INFO] ApiDb:669 - CubeFinder database Configuration version=3.0.42
2026-09-14 21:34:40,275 [INFO] ApiDb:670 - CubeFinder database generation date=2026-08-04 (1785840812)
2026-09-14 21:34:40,275 [INFO] ApiDb:671 - CubeFinder database FW Pack versions=[FP-ATR-ASTRA1_V2.0.0, FP-SNS-FLIGHT1_V5.1.0, FP-SNS-MOTENV1_V5.1.0, FP-SNS-MOTENVWB1_V1.5.0, FP-SNS-SMARTAG2_V1.2.0, FP-SNS-STBOX1_V2.1.0, STM32Cube_FW_C0_V1.4.1, STM32Cube_FW_F4_V1.28.3, STM32Cube_FW_F7_V1.17.4, STM32Cube_FW_G0_V1.6.3, STM32Cube_FW_G4_V1.6.2, STM32Cube_FW_H5_V1.7.0, STM32Cube_FW_H7RS_V1.3.0, STM32Cube_FW_H7_V1.13.0, STM32Cube_FW_L0_V1.12.2, STM32Cube_FW_L4_V1.18.2, STM32Cube_FW_L5_V1.6.0, STM32Cube_FW_N6_V1.4.0, STM32Cube_FW_U0_V1.3.0, STM32Cube_FW_U3_V1.4.0, STM32Cube_FW_U5_V1.9.0, STM32Cube_FW_WB0_V1.5.0, STM32Cube_FW_WBA_V1.10.0, STM32Cube_FW_WB_V1.24.0, STM32Cube_FW_WL3_V1.5.0, STM32Cube_FW_WL_V1.6.0, X-CUBE-ALGOBUILD_V1.5.0, X-CUBE-ALS_V1.0.2, X-CUBE-AZRTOS-F4_V1.1.0, X-CUBE-AZRTOS-F7_V1.1.0, X-CUBE-AZRTOS-G0_V1.1.0, X-CUBE-AZRTOS-G4_V2.0.0, X-CUBE-AZRTOS-H7RS_V1.3.0, X-CUBE-AZRTOS-H7_V3.5.0, X-CUBE-AZRTOS-L4_V2.0.0, X-CUBE-AZRTOS-L5_V2.0.0, X-CUBE-AZRTOS-WB_V2.0.0, X-CUBE-AZRTOS-WL_V2.0.0, X-CUBE-BLE1_V7.1.0, X-CUBE-BLE2_V3.3.0, X-CUBE-BLEMGR_V4.2.0, X-CUBE-EEPRMA1_V5.2.0, X-CUBE-FREERTOS_V1.6.0, X-CUBE-GNSS1_V7.1.1, X-CUBE-MEMS1_V13.0.0, X-CUBE-NFC4_V3.0.0, X-CUBE-NFC7_V2.0.0, X-CUBE-SFXS2LP1_V4.0.0, X-CUBE-ST67W61_V1.3.0, X-CUBE-SUBG2_V5.0.0, X-CUBE-TOF1_V3.4.3]
2026-09-14 21:34:40,481 [WARN] PackLoader:240 - Cannot read IP mode file for STMicroelectronics.X-CUBE-AZRTOS-H7.3.5.0
2026-09-14 21:34:40,492 [WARN] PackLoader:240 - Cannot read IP mode file for STMicroelectronics.FP-ATR-ASTRA1.2.0.3
2026-09-14 21:34:40,498 [ERROR] Engine:466 - /home/abderrahim/.stm32cubemx/thirdparties/pdsc/STMicroelectronics.X-CUBE-SMBUS.2.1.1.pdsc: PDSC version is not supported
2026-09-14 21:34:40,515 [WARN] PackLoader:240 - Cannot read IP mode file for STMicroelectronics.X-CUBE-AZRTOS-F7.1.1.0
2026-09-14 21:34:40,520 [ERROR] Engine:466 - /home/abderrahim/.stm32cubemx/thirdparties/pdsc/STMicroelectronics.X-CUBE-FREERTOS.1.6.0.pdsc: PDSC version is not supported
2026-09-14 21:34:40,522 [ERROR] Engine:466 - /home/abderrahim/.stm32cubemx/thirdparties/pdsc/STMicroelectronics.FP-SNS-MOTENV1.5.1.0.pdsc: PDSC version is not supported
2026-09-14 21:34:40,546 [WARN] PackLoader:240 - Cannot read IP mode file for STMicroelectronics.X-CUBE-AZRTOS-H7RS.1.3.0
2026-09-14 21:34:40,552 [ERROR] Engine:466 - /home/abderrahim/.stm32cubemx/thirdparties/pdsc/WES.I-CUBE-Cesium.1.4.0.pdsc: PDSC version is not supported
2026-09-14 21:34:40,558 [WARN] PackLoader:240 - Cannot read IP mode file for STMicroelectronics.X-CUBE-DISPLAY.3.0.0
2026-09-14 21:34:40,568 [WARN] PackLoader:240 - Cannot read IP mode file for STMicroelectronics.X-CUBE-GNSS1.7.1.1
2026-09-14 21:34:40,570 [ERROR] Engine:466 - /home/abderrahim/.stm32cubemx/thirdparties/pdsc/STMicroelectronics.FP-SNS-MOTENVWB1.1.5.0.pdsc: PDSC version is not supported
2026-09-14 21:34:40,575 [WARN] PackLoader:240 - Cannot read IP mode file for STMicroelectronics.X-CUBE-NFC10.1.0.0
2026-09-14 21:34:40,579 [ERROR] Engine:466 - /home/abderrahim/.stm32cubemx/thirdparties/pdsc/STMicroelectronics.X-CUBE-ST60.1.1.0.pdsc: PDSC version is not supported
2026-09-14 21:34:40,582 [WARN] PackLoader:240 - Cannot read IP mode file for emotas.I-CUBE-CANOPEN.1.3.0
2026-09-14 21:34:40,585 [WARN] PackLoader:240 - Cannot read IP mode file for wolfSSL.I-CUBE-wolfSSL.5.9.2
2026-09-14 21:34:40,587 [ERROR] Engine:466 - /home/abderrahim/.stm32cubemx/thirdparties/pdsc/STMicroelectronics.X-CUBE-WBA.1.1.0.pdsc: PDSC version is not supported
2026-09-14 21:34:40,588 [ERROR] Engine:466 - /home/abderrahim/.stm32cubemx/thirdparties/pdsc/STMicroelectronics.FP-SNS-STBOX1.2.1.0.pdsc: PDSC version is not supported
2026-09-14 21:34:40,591 [WARN] PackLoader:240 - Cannot read IP mode file for STMicroelectronics.FP-SNS-SMARTAG2.1.2.0
2026-09-14 21:34:40,592 [ERROR] Engine:466 - /home/abderrahim/.stm32cubemx/thirdparties/pdsc/STMicroelectronics.FP-SNS-FLIGHT1.5.1.0.pdsc: PDSC version is not supported
2026-09-14 21:34:40,601 [INFO] LogOutputStream:77 - [STDOUT_REDIRECT] 1 : Invalid condition id : UX_CORESTACK_Condition cause : null
2026-09-14 21:34:40,602 [INFO] LogOutputStream:77 - [STDOUT_REDIRECT] 1 : Invalid condition id : UX_CORESTACK_Condition cause : null
2026-09-14 21:34:40,602 [INFO] LogOutputStream:77 - [STDOUT_REDIRECT] 1 : Invalid condition id : UX_CORESTACK_Condition cause : null
2026-09-14 21:34:40,602 [INFO] LogOutputStream:77 - [STDOUT_REDIRECT] 1 : Invalid condition id : UX_CORESTACK_Condition cause : null
2026-09-14 21:34:40,602 [INFO] LogOutputStream:77 - [STDOUT_REDIRECT] 1 : Invalid condition id : UX_CORESTACK_Condition cause : null
2026-09-14 21:34:40,608 [WARN] PackLoader:240 - Cannot read IP mode file for STMicroelectronics.X-CUBE-AZRTOS-WL.2.0.0
2026-09-14 21:34:40,615 [WARN] PackLoader:240 - Cannot read IP mode file for STMicroelectronics.X-CUBE-BLE2.3.3.0
2026-09-14 21:34:40,622 [ERROR] Engine:466 - /home/abderrahim/.stm32cubemx/thirdparties/pdsc/Infineon.AIROC-Wi-Fi-Bluetooth-STM32.1.8.0.pdsc: PDSC version is not supported
2026-09-14 21:34:40,628 [WARN] PackLoader:240 - Cannot read IP mode file for STMicroelectronics.X-CUBE-NFC9.1.0.0
2026-09-14 21:34:40,634 [WARN] PackLoader:240 - Cannot read IP mode file for STMicroelectronics.X-CUBE-BLE1.7.1.0
2026-09-14 21:34:40,637 [WARN] PackLoader:240 - Cannot read IP mode file for wolfSSL.I-CUBE-wolfMQTT.1.19.2
2026-09-14 21:34:40,642 [WARN] PackLoader:240 - Cannot read IP mode file for STMicroelectronics.X-CUBE-EEPRMA1.5.2.0
2026-09-14 21:34:40,661 [WARN] PackLoader:240 - Cannot read IP mode file for STMicroelectronics.X-CUBE-AZRTOS-G0.1.1.0
2026-09-14 21:34:40,669 [WARN] PackLoader:240 - Cannot read IP mode file for STMicroelectronics.X-CUBE-NFC4.3.0.0
2026-09-14 21:34:40,672 [ERROR] Engine:466 - /home/abderrahim/.stm32cubemx/thirdparties/pdsc/EmbeddedOffice.I-CUBE-FS-RTOS.1.0.1.pdsc: PDSC version is not supported
2026-09-14 21:34:40,674 [WARN] PackLoader:240 - Cannot read IP mode file for wolfSSL.I-CUBE-wolfTPM.3.8.0
2026-09-14 21:34:40,676 [ERROR] Engine:466 - /home/abderrahim/.stm32cubemx/thirdparties/pdsc/STMicroelectronics.X-CUBE-TCPP.4.2.0.pdsc: PDSC version is not supported
2026-09-14 21:34:40,678 [ERROR] Engine:466 - /home/abderrahim/.stm32cubemx/thirdparties/pdsc/RealThread.X-CUBE-RT-Thread_Nano.4.1.1.pdsc: PDSC version is not supported
2026-09-14 21:34:40,680 [WARN] PackLoader:240 - Cannot read IP mode file for STMicroelectronics.FP-ATR-SIGFOX1.3.2.0
2026-09-14 21:34:40,685 [WARN] PackLoader:240 - Cannot read IP mode file for ITTIA_DB.I-CUBE-ITTIADB.8.9.0
2026-09-14 21:34:40,686 [ERROR] Engine:466 - /home/abderrahim/.stm32cubemx/thirdparties/pdsc/Cesanta.I-CUBE-Mongoose.7.21.7.pdsc: PDSC version is not supported
2026-09-14 21:34:40,692 [WARN] PackLoader:240 - Cannot read IP mode file for STMicroelectronics.X-CUBE-NFC6.3.2.0
2026-09-14 21:34:40,698 [WARN] PackLoader:240 - Cannot read IP mode file for STMicroelectronics.X-CUBE-AI.10.2.1
2026-09-14 21:34:40,734 [WARN] PackLoader:240 - Cannot read IP mode file for SEGGER.I-CUBE-embOS.1.3.1
2026-09-14 21:34:40,791 [ERROR] Engine:466 - /home/abderrahim/.stm32cubemx/thirdparties/pdsc/STMicroelectronics.FP-SNS-STAIOTCFT.2.0.0.pdsc: PDSC version is not supported
2026-09-14 21:34:40,795 [WARN] PackLoader:240 - Cannot read IP mode file for STMicroelectronics.X-CUBE-NFC13.1.0.0
2026-09-14 21:34:40,798 [WARN] PackLoader:240 - Cannot read IP mode file for STMicroelectronics.X-CUBE-PM33A1.1.0.0
2026-09-14 21:34:40,809 [WARN] PackLoader:240 - Cannot read IP mode file for STMicroelectronics.X-CUBE-AZRTOS-F4.1.1.0
2026-09-14 21:34:40,814 [WARN] PackLoader:240 - Cannot read IP mode file for STMicroelectronics.X-CUBE-ISPU.2.1.0
2026-09-14 21:34:40,817 [ERROR] Engine:466 - /home/abderrahim/.stm32cubemx/thirdparties/pdsc/STMicroelectronics.X-CUBE-IPS.3.2.0.pdsc: PDSC version is not supported
2026-09-14 21:34:40,818 [ERROR] Engine:466 - /home/abderrahim/.stm32cubemx/thirdparties/pdsc/STMicroelectronics.eDS-WB_DPC_TT-BIDIR.2.1.1.pdsc: PDSC version is not supported
2026-09-14 21:34:40,822 [WARN] PackLoader:240 - Cannot read IP mode file for STMicroelectronics.X-CUBE-NFC12.1.0.0
2026-09-14 21:34:40,834 [WARN] PackLoader:240 - Cannot read IP mode file for STMicroelectronics.X-CUBE-AZRTOS-L5.2.0.0
2026-09-14 21:34:40,840 [WARN] PackLoader:240 - Cannot read IP mode file for STMicroelectronics.X-CUBE-ALGOBUILD.1.5.0
2026-09-14 21:34:40,842 [ERROR] Engine:466 - /home/abderrahim/.stm32cubemx/thirdparties/pdsc/STMicroelectronics.eDS-WB_DPC_VIENNA.1.2.0.pdsc: PDSC version is not supported
2026-09-14 21:34:40,871 [WARN] PackLoader:240 - Cannot read IP mode file for STMicroelectronics.X-CUBE-MEMS1.13.0.0
2026-09-14 21:34:40,932 [ERROR] Engine:466 - /home/abderrahim/.stm32cubemx/thirdparties/pdsc/STMicroelectronics.eDS-WB_DPC_3PH2L-BIDIR.1.1.1.pdsc: PDSC version is not supported
2026-09-14 21:34:40,934 [ERROR] Engine:466 - /home/abderrahim/.stm32cubemx/thirdparties/pdsc/STMicroelectronics.X-CUBE-ST67W61.1.3.0.pdsc: PDSC version is not supported
2026-09-14 21:34:40,937 [WARN] PackLoader:240 - Cannot read IP mode file for STMicroelectronics.X-CUBE-TOUCHGFX.4.26.1
2026-09-14 21:34:40,939 [ERROR] Engine:466 - /home/abderrahim/.stm32cubemx/thirdparties/pdsc/STMicroelectronics.X-CUBE-DPower.1.3.0.pdsc: PDSC version is not supported
2026-09-14 21:34:40,951 [WARN] ConditionMgr:438 - getConditionDescription Invalid condition id : LAN8742 Phy interface Condition cause : null
2026-09-14 21:34:40,951 [WARN] PackLoader:240 - Cannot read IP mode file for STMicroelectronics.X-CUBE-AZRTOS-L4.2.0.0
2026-09-14 21:34:40,952 [WARN] ConditionMgr:1039 - genDependencies : Invalid condition id : LAN8742 Phy interface Condition cause : null
2026-09-14 21:34:40,952 [WARN] ConditionMgr:1039 - genDependencies : Invalid condition id : LAN8742 Phy interface Condition cause : null
2026-09-14 21:34:40,953 [WARN] ConditionMgr:1039 - genDependencies : Invalid condition id : LAN8742 Phy interface Condition cause : null
2026-09-14 21:34:40,957 [WARN] PackLoader:240 - Cannot read IP mode file for STMicroelectronics.X-CUBE-SFXS2LP1.4.0.0
2026-09-14 21:34:40,962 [WARN] PackLoader:240 - Cannot read IP mode file for STMicroelectronics.X-CUBE-WB05N.2.1.0
2026-09-14 21:34:40,972 [WARN] ConditionMgr:438 - getConditionDescription Invalid condition id : UX DEVICE CLASS RTOS Condition cause : null
2026-09-14 21:34:40,972 [WARN] ConditionMgr:438 - getConditionDescription Invalid condition id : UX DEVICE CLASS RTOS Condition cause : null
2026-09-14 21:34:40,974 [WARN] PackLoader:240 - Cannot read IP mode file for STMicroelectronics.X-CUBE-AZRTOS-WB.2.0.0
2026-09-14 21:34:40,974 [WARN] ConditionMgr:1039 - genDependencies : Invalid condition id : UX DEVICE CLASS RTOS Condition cause : null
2026-09-14 21:34:40,974 [WARN] ConditionMgr:1039 - genDependencies : Invalid condition id : UX DEVICE CLASS RTOS Condition cause : null
2026-09-14 21:34:40,974 [WARN] ConditionMgr:1039 - genDependencies : Invalid condition id : UX DEVICE CLASS RTOS Condition cause : null
2026-09-14 21:34:40,974 [WARN] ConditionMgr:1039 - genDependencies : Invalid condition id : UX DEVICE CLASS RTOS Condition cause : null
2026-09-14 21:34:40,974 [WARN] ConditionMgr:1039 - genDependencies : Invalid condition id : UX DEVICE CLASS RTOS Condition cause : null
2026-09-14 21:34:40,979 [WARN] PackLoader:240 - Cannot read IP mode file for STMicroelectronics.X-CUBE-STSE01.2.0.0
2026-09-14 21:34:40,986 [WARN] PackLoader:240 - Cannot read IP mode file for STMicroelectronics.X-CUBE-SUBG2.5.0.0
2026-09-14 21:34:40,997 [WARN] PackLoader:240 - Cannot read IP mode file for STMicroelectronics.X-CUBE-AZRTOS-G4.2.0.0
2026-09-14 21:34:41,000 [WARN] PackLoader:240 - Cannot read IP mode file for wolfSSL.I-CUBE-wolfSSH.1.4.20
2026-09-14 21:34:41,003 [WARN] PackLoader:240 - Cannot read IP mode file for STMicroelectronics.X-CUBE-NFC7.2.0.0
2026-09-14 21:34:41,006 [ERROR] Engine:466 - /home/abderrahim/.stm32cubemx/thirdparties/pdsc/STMicroelectronics.X-CUBE-BLEMGR.4.2.0.pdsc: PDSC version is not supported
2026-09-14 21:34:41,008 [WARN] PackLoader:240 - Cannot read IP mode file for STMicroelectronics.X-CUBE-ALS.1.0.2
2026-09-14 21:34:41,013 [ERROR] Engine:466 - /home/abderrahim/.stm32cubemx/thirdparties/pdsc/STMicroelectronics.X-CUBE-TOF1.3.4.3.pdsc: PDSC version is not supported
2026-09-14 21:34:41,013 [INFO] ThirdParty:978 - Integrity check success = true
2026-09-14 21:34:41,013 [INFO] IntegrityCheckThread:100 - exiting critical section [integrity check]
2026-09-14 21:34:41,013 [INFO] IntegrityCheckThread:103 - End integrity checks thread
2026-09-14 21:34:42,500 [INFO] ApiDb:240 - Found 297 in-development CPN: [B-G473E-ZEST1S, B-WB1M-WPAN1, B-WL5M-SUBG1, NUCLEO-C031C6, NUCLEO-H503RB, NUCLEO-H563ZI, NUCLEO-U545RE-Q, NUCLEO-U5A5ZJ-Q, NUCLEO-WBA52CG, STEVAL-PROTEUS1, STEVAL-STWINBX1, STM320518-EVAL, STM32C0116-DK, STM32C011D6Y3TR, STM32C011D6Y6TR, STM32C011F4P3, STM32C011F4P6, STM32C011F4U3, STM32C011F4U6TR, STM32C011F6P3, STM32C011F6P6, STM32C011F6U3, STM32C011F6U6TR, STM32C011J4M3, STM32C011J4M6, STM32C011J6M3, STM32C011J6M6, STM32C0316-DK, STM32C031C4T3, STM32C031C4T6, STM32C031C4U3, STM32C031C4U6, STM32C031C6T3, STM32C031C6T6, STM32C031C6U3, STM32C031C6U6, STM32C031F4P3, STM32C031F4P6, STM32C031F6P3, STM32C031F6P6, STM32C031G4U3, STM32C031G4U6, STM32C031G6U3, STM32C031G6U6, STM32C031K4T3, STM32C031K4T6, STM32C031K4U3, STM32C031K4U6, STM32C031K6T3, STM32C031K6T6, STM32C031K6U3, STM32C031K6U6, STM32G071K8TXN, STM32G071K8UXN, STM32G081GBU6N, STM32G081KBT6N, STM32G081KBUXN, STM32G0B1CCT6N, STM32G0B1KCT6, STM32G0B1NEY6TR, STM32G0B1RCT6N, STM32G0C1CCT6, STM32G0C1CCT6N, STM32G0C1CCU6N, STM32G0C1CET6N, STM32G0C1CEU6N, STM32G0C1KCT6, STM32G0C1NEY6TR, STM32G0C1RCI6N, STM32G0C1RCT6N, STM32G0C1REI6N, STM32G0C1RET6N, STM32G0C1VCI6, STM32G0C1VEI6, STM32G471CCT6, STM32G471CCU6, STM32G471CET3, STM32G471CET6, STM32G471CEU3, STM32G471CEU6, STM32G471MCT6, STM32G471MET3, STM32G471MET6, STM32G471MEY6TR, STM32G471QCT6, STM32G471QET3, STM32G471RCT6, STM32G471RET3, STM32G471RET6, STM32G471VCH6, STM32G471VCI6, STM32G471VCT6, STM32G471VEH3, STM32G471VEH6, STM32G471VEI3, STM32G471VEI6, STM32G471VET3, STM32G471VET6, STM32G474CCT6, STM32H503CBT6, STM32H503CBU6, STM32H503EBY6TR, STM32H503KBU6, STM32H503RBT6, STM32H562AGI6, STM32H562AII6, STM32H562IGK6, STM32H562IGT6, STM32H562IIK6, STM32H562IIT6, STM32H562RGT6, STM32H562RGV6, STM32H562RIT6, STM32H562RIV6, STM32H562VGT6, STM32H562VIT6, STM32H562ZGT6, STM32H562ZIT6, STM32H563AGI6, STM32H563AII3Q, STM32H563AII6, STM32H563IGK6, STM32H563IGT6, STM32H563IIK3Q, STM32H563IIK6, STM32H563IIT3Q, STM32H563IIT6, STM32H563MIY3QTR, STM32H563RGT6, STM32H563RGV6, STM32H563RIT6, STM32H563RIV6, STM32H563VGT6, STM32H563VIT3Q, STM32H563VIT6, STM32H563ZGT6, STM32H563ZIT3Q, STM32H563ZIT6, STM32H573AII3Q, STM32H573AII6, STM32H573I-DK, STM32H573IIK3Q, STM32H573IIK6, STM32H573IIT3Q, STM32H573IIT6, STM32H573MIY3QTR, STM32H573RIT6, STM32H573RIV6, STM32H573VIT3Q, STM32H573VIT6, STM32H573ZIT3Q, STM32H573ZIT6, STM32L4R5QGI6STR, STM32MP131AAE3, STM32MP131AAF3, STM32MP131AAG3, STM32MP131CAE3, STM32MP131CAF3, STM32MP131CAG3, STM32MP131DAE7, STM32MP131DAF7, STM32MP131DAG7, STM32MP131FAE7, STM32MP131FAF7, STM32MP131FAG7, STM32MP133AAE3, STM32MP133AAF3, STM32MP133AAG3, STM32MP133CAE3, STM32MP133CAF3, STM32MP133CAG3, STM32MP133DAE7, STM32MP133DAF7, STM32MP133DAG7, STM32MP133FAE7, STM32MP133FAF7, STM32MP133FAG7, STM32MP135AAE3, STM32MP135AAF3, STM32MP135AAG3, STM32MP135CAE3, STM32MP135CAF3, STM32MP135CAG3, STM32MP135DAE7, STM32MP135DAF7, STM32MP135DAG7, STM32MP135F-DK, STM32MP135FAE7, STM32MP135FAF7, STM32MP135FAF7T, STM32MP135FAF7U, STM32MP135FAG7, STM32U535CBT6, STM32U535CBT6Q, STM32U535CBU6, STM32U535CBU6Q, STM32U535CCT6, STM32U535CCT6Q, STM32U535CCU6, STM32U535CCU6Q, STM32U535CET6, STM32U535CET6Q, STM32U535CEU6, STM32U535CEU6Q, STM32U535JEY6QTR, STM32U535NCY6QTR, STM32U535NEY6QTR, STM32U535RBI6, STM32U535RBI6Q, STM32U535RBT6, STM32U535RBT6Q, STM32U535RCI6, STM32U535RCI6Q, STM32U535RCT6, STM32U535RCT6Q, STM32U535REI6, STM32U535REI6Q, STM32U535RET6, STM32U535RET6Q, STM32U535VCI6, STM32U535VCI6Q, STM32U535VCT6, STM32U535VCT6Q, STM32U535VEI6, STM32U535VEI6Q, STM32U535VET6, STM32U535VET6Q, STM32U545CET6, STM32U545CET6Q, STM32U545CEU6, STM32U545CEU6Q, STM32U545JEY6QTR, STM32U545NEY6QTR, STM32U545REI6, STM32U545REI6Q, STM32U545RET6, STM32U545RET6Q, STM32U545VEI6, STM32U545VEI6Q, STM32U545VET6, STM32U545VET6Q, STM32U595AIH6, STM32U595AIH6Q, STM32U595AJH6, STM32U595AJH6Q, STM32U595QII6, STM32U595QII6Q, STM32U595QJI6, STM32U595QJI6Q, STM32U595RIT6, STM32U595RIT6Q, STM32U595RJT6, STM32U595RJT6Q, STM32U595VIT6, STM32U595VIT6Q, STM32U595VJT6, STM32U595VJT6Q, STM32U595ZIT6, STM32U595ZIT6Q, STM32U595ZIY6QTR, STM32U595ZJT6, STM32U595ZJT6Q, STM32U595ZJY6QTR, STM32U599BJY6QTR, STM32U599NIH6Q, STM32U599NJH6Q, STM32U599VIT6Q, STM32U599VJT6, STM32U599VJT6Q, STM32U599ZIT6Q, STM32U599ZIY6QTR, STM32U599ZJT6Q, STM32U599ZJY6QTR, STM32U5A5AJH6, STM32U5A5AJH6Q, STM32U5A5QJI6, STM32U5A5QJI6Q, STM32U5A5RJT6, STM32U5A5RJT6Q, STM32U5A5VJT6, STM32U5A5VJT6Q, STM32U5A5ZJT6, STM32U5A5ZJT6Q, STM32U5A5ZJY6QTR, STM32U5A9BJY6QTR, STM32U5A9J-DK, STM32U5A9NJH6Q, STM32U5A9VJT6Q, STM32U5A9ZJT6Q, STM32U5A9ZJY6QTR, STM32WB1MMCH6, STM32WBA52CEU6, STM32WBA52CEU6T, STM32WBA52CGU6, STM32WBA52CGU6T, STM32WL5MOCH6, STM32WL5MOCH6TR]
2026-09-14 21:34:42,504 [INFO] DbMcus:216 - Found 5285 MCUs, 5097 are supported
2026-09-14 21:34:42,507 [INFO] ApiDb:423 - Load user favorites file /home/abderrahim/.stm32cubeide/favorites.mcus.txt: 6 item(s)
2026-09-14 21:34:42,507 [INFO] ApiDb:427 - User favorites MCUs=[STM32C011D6Y3TR, STM32F446ZET6, STM32L412C8T6, STM32L432KCU3, STM32L476RGT3, STM32L476RGT6]
2026-09-14 21:34:42,507 [INFO] DbMcus:222 - Set 6 / 6 favorites MCUs
2026-09-14 21:34:42,910 [INFO] BoardInfo:880 - No configuration file found for board B-WBA5M-WPAN
2026-09-14 21:34:42,910 [INFO] DbBoards:157 - Board is not supported: B-WBA5M-WPAN
2026-09-14 21:34:42,913 [INFO] BoardInfo:880 - No configuration file found for board NUCLEO-C051C8
2026-09-14 21:34:42,913 [INFO] DbBoards:157 - Board is not supported: NUCLEO-C051C8
2026-09-14 21:34:42,914 [INFO] BoardInfo:880 - No configuration file found for board NUCLEO-C071RB
2026-09-14 21:34:42,914 [INFO] DbBoards:157 - Board is not supported: NUCLEO-C071RB
2026-09-14 21:34:42,915 [INFO] BoardInfo:880 - No configuration file found for board NUCLEO-C092RC
2026-09-14 21:34:42,915 [INFO] DbBoards:157 - Board is not supported: NUCLEO-C092RC
2026-09-14 21:34:42,940 [INFO] BoardInfo:880 - No configuration file found for board NUCLEO-H533RE
2026-09-14 21:34:42,940 [INFO] DbBoards:157 - Board is not supported: NUCLEO-H533RE
2026-09-14 21:34:42,940 [INFO] BoardInfo:880 - No configuration file found for board NUCLEO-H553ZG
2026-09-14 21:34:42,941 [INFO] DbBoards:157 - Board is not supported: NUCLEO-H553ZG
2026-09-14 21:34:42,942 [INFO] BoardInfo:880 - No configuration file found for board NUCLEO-H5E5ZJ
2026-09-14 21:34:42,942 [INFO] DbBoards:157 - Board is not supported: NUCLEO-H5E5ZJ
2026-09-14 21:34:42,946 [INFO] BoardInfo:880 - No configuration file found for board NUCLEO-H7S3L8
2026-09-14 21:34:42,946 [INFO] DbBoards:157 - Board is not supported: NUCLEO-H7S3L8
2026-09-14 21:34:42,959 [INFO] BoardInfo:880 - No configuration file found for board NUCLEO-N657X0-Q
2026-09-14 21:34:42,959 [INFO] DbBoards:157 - Board is not supported: NUCLEO-N657X0-Q
2026-09-14 21:34:42,960 [INFO] BoardInfo:880 - No configuration file found for board NUCLEO-U031R8
2026-09-14 21:34:42,960 [INFO] DbBoards:157 - Board is not supported: NUCLEO-U031R8
2026-09-14 21:34:42,960 [INFO] BoardInfo:880 - No configuration file found for board NUCLEO-U083RC
2026-09-14 21:34:42,960 [INFO] DbBoards:157 - Board is not supported: NUCLEO-U083RC
2026-09-14 21:34:42,961 [INFO] BoardInfo:880 - No configuration file found for board NUCLEO-U385RG-Q
2026-09-14 21:34:42,961 [INFO] DbBoards:157 - Board is not supported: NUCLEO-U385RG-Q
2026-09-14 21:34:42,962 [INFO] BoardInfo:880 - No configuration file found for board NUCLEO-U3C5ZI-Q
2026-09-14 21:34:42,962 [INFO] DbBoards:157 - Board is not supported: NUCLEO-U3C5ZI-Q
2026-09-14 21:34:42,974 [INFO] BoardInfo:880 - No configuration file found for board NUCLEO-WB05KZ
2026-09-14 21:34:42,974 [INFO] DbBoards:157 - Board is not supported: NUCLEO-WB05KZ
2026-09-14 21:34:42,975 [INFO] BoardInfo:880 - No configuration file found for board NUCLEO-WB07CC
2026-09-14 21:34:42,975 [INFO] DbBoards:157 - Board is not supported: NUCLEO-WB07CC
2026-09-14 21:34:42,976 [INFO] BoardInfo:880 - No configuration file found for board NUCLEO-WB09KE
2026-09-14 21:34:42,976 [INFO] DbBoards:157 - Board is not supported: NUCLEO-WB09KE
2026-09-14 21:34:42,977 [INFO] BoardInfo:880 - No configuration file found for board NUCLEO-WBA25CE1
2026-09-14 21:34:42,977 [INFO] DbBoards:157 - Board is not supported: NUCLEO-WBA25CE1
2026-09-14 21:34:42,979 [INFO] BoardInfo:880 - No configuration file found for board NUCLEO-WBA55CG
2026-09-14 21:34:42,979 [INFO] DbBoards:157 - Board is not supported: NUCLEO-WBA55CG
2026-09-14 21:34:42,980 [INFO] BoardInfo:880 - No configuration file found for board NUCLEO-WBA65RI
2026-09-14 21:34:42,980 [INFO] DbBoards:157 - Board is not supported: NUCLEO-WBA65RI
2026-09-14 21:34:42,980 [INFO] BoardInfo:880 - No configuration file found for board NUCLEO-WL33CC1
2026-09-14 21:34:42,981 [INFO] DbBoards:157 - Board is not supported: NUCLEO-WL33CC1
2026-09-14 21:34:42,981 [INFO] BoardInfo:880 - No configuration file found for board NUCLEO-WL33CC2
2026-09-14 21:34:42,981 [INFO] DbBoards:157 - Board is not supported: NUCLEO-WL33CC2
2026-09-14 21:34:42,982 [INFO] BoardInfo:880 - No configuration file found for board NUCLEO-WL3RKB1
2026-09-14 21:34:42,982 [INFO] DbBoards:157 - Board is not supported: NUCLEO-WL3RKB1
2026-09-14 21:34:42,983 [INFO] BoardInfo:880 - No configuration file found for board NUCLEO-WL3RKB2
2026-09-14 21:34:42,983 [INFO] DbBoards:157 - Board is not supported: NUCLEO-WL3RKB2
2026-09-14 21:34:42,985 [INFO] BoardInfo:880 - No configuration file found for board P-NUCLEO-WB55
2026-09-14 21:34:42,986 [INFO] DbBoards:157 - Kit is not supported: P-NUCLEO-WB55
2026-09-14 21:34:42,988 [INFO] BoardInfo:880 - No configuration file found for board STEVAL-BFA001V1B
2026-09-14 21:34:42,988 [INFO] DbBoards:157 - Kit is not supported: STEVAL-BFA001V1B
2026-09-14 21:34:42,988 [INFO] BoardInfo:880 - No configuration file found for board STEVAL-BFA001V2B
2026-09-14 21:34:42,988 [INFO] DbBoards:157 - Kit is not supported: STEVAL-BFA001V2B
2026-09-14 21:34:42,990 [INFO] BoardInfo:880 - No configuration file found for board STEVAL-MKBOXPRO
2026-09-14 21:34:42,991 [INFO] DbBoards:157 - Board is not supported: STEVAL-MKBOXPRO
2026-09-14 21:34:42,992 [INFO] BoardInfo:880 - No configuration file found for board STEVAL-SMARTAG2
2026-09-14 21:34:42,992 [INFO] DbBoards:157 - Board is not supported: STEVAL-SMARTAG2
2026-09-14 21:34:43,025 [INFO] BoardInfo:880 - No configuration file found for board STM32H5F5J-DK
2026-09-14 21:34:43,025 [INFO] DbBoards:157 - Board is not supported: STM32H5F5J-DK
2026-09-14 21:34:43,036 [INFO] BoardInfo:880 - No configuration file found for board STM32H7S78-DK
2026-09-14 21:34:43,036 [INFO] DbBoards:157 - Board is not supported: STM32H7S78-DK
2026-09-14 21:34:43,048 [INFO] BoardInfo:880 - No configuration file found for board STM32MP215F-DK
2026-09-14 21:34:43,048 [INFO] DbBoards:157 - Board is not supported: STM32MP215F-DK
2026-09-14 21:34:43,049 [INFO] BoardInfo:880 - No configuration file found for board STM32MP257F-DK
2026-09-14 21:34:43,049 [INFO] DbBoards:157 - Board is not supported: STM32MP257F-DK
2026-09-14 21:34:43,050 [INFO] BoardInfo:880 - No configuration file found for board STM32MP257F-EV1
2026-09-14 21:34:43,050 [INFO] DbBoards:157 - Board is not supported: STM32MP257F-EV1
2026-09-14 21:34:43,050 [INFO] BoardInfo:880 - No configuration file found for board STM32N6570-DK
2026-09-14 21:34:43,050 [INFO] DbBoards:157 - Board is not supported: STM32N6570-DK
2026-09-14 21:34:43,051 [INFO] BoardInfo:880 - No configuration file found for board STM32U083C-DK
2026-09-14 21:34:43,051 [INFO] DbBoards:157 - Board is not supported: STM32U083C-DK
2026-09-14 21:34:43,053 [INFO] BoardInfo:880 - No configuration file found for board STM32U5G9J-DK1
2026-09-14 21:34:43,053 [INFO] DbBoards:157 - Board is not supported: STM32U5G9J-DK1
2026-09-14 21:34:43,053 [INFO] BoardInfo:880 - No configuration file found for board STM32U5G9J-DK2
2026-09-14 21:34:43,053 [INFO] DbBoards:157 - Board is not supported: STM32U5G9J-DK2
2026-09-14 21:34:43,055 [INFO] BoardInfo:880 - No configuration file found for board STM32WBA55G-DK1
2026-09-14 21:34:43,055 [INFO] DbBoards:157 - Board is not supported: STM32WBA55G-DK1
2026-09-14 21:34:43,056 [INFO] BoardInfo:880 - No configuration file found for board STM32WBA65I-DK1
2026-09-14 21:34:43,056 [INFO] DbBoards:157 - Board is not supported: STM32WBA65I-DK1
2026-09-14 21:34:43,056 [INFO] DbBoards:161 - Found 219 boards, 180 are supported
2026-09-14 21:34:43,059 [INFO] ApiDb:423 - Load user favorites file /home/abderrahim/.stm32cubeide/favorites.boards.txt: 0 item(s)
2026-09-14 21:34:43,059 [INFO] ApiDb:427 - User favorites Boards=[]
2026-09-14 21:34:43,059 [INFO] DbBoards:190 - Set 0 / 0 favorites Boards
2026-09-14 21:34:43,059 [INFO] McuFinderGlobals:66 - Set McuFinderConnectedMode to true
2026-09-14 21:34:43,067 [INFO] MultiScanPanel:200 - Auto-refresh data requested => check proxy status ongoing
2026-09-14 21:34:43,070 [INFO] FinderPluginLoader:95 - Searching for filters in installed packs
2026-09-14 21:34:44,175 [INFO] LoadUrlFilesThread:185 - End of LoadServerUrlFiles without Thread
2026-09-14 21:34:44,189 [INFO] DetailPanel:341 - Set advertising image to /home/abderrahim/STM32Cube/Repository//en.stm32h5cubemxbanner.png
2026-09-14 21:35:19,682 [INFO] MainUpdater:2854 - connection check result : 10
2026-09-14 21:35:19,682 [INFO] MainUpdater:2854 - connection check result : 10
2026-09-14 21:35:19,695 [INFO] MicroXplorer:468 - Change Database Path : 
2026-09-14 21:35:19,695 [INFO] MicroXplorer:498 - Change Database Version : DB.6.0.80
2026-09-14 21:35:19,695 [WARN] ThirdParty:871 - waiting for thirdparty lock release [close project]
2026-09-14 21:35:19,695 [INFO] ThirdParty:873 - entering critical section [close project]
2026-09-14 21:35:19,696 [INFO] ThirdParty:883 - exiting critical section [close project]
2026-09-14 21:35:19,699 [INFO] PinOutPanel:1499 - setPackage(No Configuration,No Configuration)
2026-09-14 21:35:19,704 [INFO] UtilMem:75 - Begin LoadConfig() Used Memory: 702487000 Bytes (718274560)
2026-09-14 21:35:19,706 [INFO] MicroXplorer:468 - Change Database Path : 
2026-09-14 21:35:19,706 [INFO] MicroXplorer:498 - Change Database Version : DB.6.0.80
2026-09-14 21:35:19,706 [INFO] OpenFileManager:308 - Change cursor
2026-09-14 21:35:19,753 [INFO] Mcu:1937 - Initializing MCU STM32L476RGTx STM32L476RGTx 
2026-09-14 21:35:19,754 [INFO] Mcu:1950 - No CPN specified => set CPN to STM32L476RGT3
2026-09-14 21:35:21,208 [INFO] Context:659 - Trying to add GPIOservice into a context  which must be forbidden
2026-09-14 21:35:21,832 [INFO] ImportTextPane:194 - (OptionalMessage_ERROR) Unable to find key (Mcu.ThirdPartyNb) in loaded IOC file
2026-09-14 21:35:21,832 [INFO] ImportTextPane:194 - (OptionalMessage_ERROR) Unable to find key (Mcu.PinsNb) in loaded IOC file
2026-09-14 21:35:21,832 [INFO] ImportTextPane:194 - (OptionalMessage_ERROR) Unable to find key (Mcu.IPNb) in loaded IOC file
2026-09-14 21:35:21,932 [INFO] RtosManager:555 - Registered RTOS mode: class=CMSIS, group=RTOS, mode=CMSIS_V1, owner=FREERTOS
2026-09-14 21:35:21,932 [INFO] RtosManager:555 - Registered RTOS mode: class=CMSIS, group=RTOS2, mode=CMSIS_V2, owner=FREERTOS
2026-09-14 21:35:21,933 [INFO] RtosManager:555 - Registered RTOS mode: class=RTOS, group=Core, mode=CMSIS_V1, owner=FREERTOS
2026-09-14 21:35:21,933 [INFO] RtosManager:555 - Registered RTOS mode: class=RTOS, group=Core, mode=CMSIS_V2, owner=FREERTOS
2026-09-14 21:35:21,933 [WARN] ModelIntegratedComponent:184 - Missing modes for component STMicroelectronics:FreeRTOS:0.0.1:STMicroelectronics:RTOS:FreeRTOS:Core:::10.2.0:
2026-09-14 21:35:22,001 [WARN] ModelIntegratedComponent:63 - No mode defined for component null
2026-09-14 21:35:22,001 [WARN] ModelIntegratedComponent:63 - No mode defined for component null
2026-09-14 21:35:22,001 [WARN] ModelIntegratedComponent:63 - No mode defined for component null
2026-09-14 21:35:22,001 [WARN] ModelIntegratedComponent:63 - No mode defined for component null
2026-09-14 21:35:22,001 [WARN] ModelIntegratedComponent:63 - No mode defined for component null
2026-09-14 21:35:22,002 [WARN] ModelIntegratedComponent:63 - No mode defined for component null
2026-09-14 21:35:22,002 [WARN] ModelIntegratedComponent:63 - No mode defined for component null
2026-09-14 21:35:22,002 [WARN] ModelIntegratedComponent:63 - No mode defined for component null
2026-09-14 21:35:22,002 [WARN] ModelIntegratedComponent:63 - No mode defined for component null
2026-09-14 21:35:22,002 [WARN] ModelIntegratedComponent:63 - No mode defined for component null
2026-09-14 21:35:22,002 [WARN] ModelIntegratedComponent:63 - No mode defined for component null
2026-09-14 21:35:22,002 [WARN] ModelIntegratedComponent:63 - No mode defined for component null
2026-09-14 21:35:22,002 [WARN] ModelIntegratedComponent:63 - No mode defined for component null
2026-09-14 21:35:22,002 [WARN] ModelIntegratedComponent:63 - No mode defined for component null
2026-09-14 21:35:22,002 [WARN] ModelIntegratedComponent:63 - No mode defined for component null
2026-09-14 21:35:22,002 [WARN] ModelIntegratedComponent:63 - No mode defined for component null
2026-09-14 21:35:22,002 [WARN] ModelIntegratedComponent:63 - No mode defined for component null
2026-09-14 21:35:22,002 [WARN] ModelIntegratedComponent:63 - No mode defined for component null
2026-09-14 21:35:22,002 [WARN] ModelIntegratedComponent:63 - No mode defined for component null
2026-09-14 21:35:22,002 [WARN] ModelIntegratedComponent:63 - No mode defined for component null
2026-09-14 21:35:22,002 [WARN] ModelIntegratedComponent:63 - No mode defined for component null
2026-09-14 21:35:22,002 [WARN] ModelIntegratedComponent:63 - No mode defined for component null
2026-09-14 21:35:22,002 [WARN] ModelIntegratedComponent:63 - No mode defined for component null
2026-09-14 21:35:22,002 [WARN] ModelIntegratedComponent:63 - No mode defined for component null
2026-09-14 21:35:22,002 [WARN] ModelIntegratedComponent:63 - No mode defined for component null
2026-09-14 21:35:22,002 [WARN] ModelIntegratedComponent:63 - No mode defined for component null
2026-09-14 21:35:22,002 [WARN] ModelIntegratedComponent:63 - No mode defined for component null
2026-09-14 21:35:22,002 [WARN] ModelIntegratedComponent:63 - No mode defined for component null
2026-09-14 21:35:22,002 [WARN] ModelIntegratedComponent:63 - No mode defined for component null
2026-09-14 21:35:22,002 [WARN] ModelIntegratedComponent:63 - No mode defined for component null
2026-09-14 21:35:22,002 [WARN] ModelIntegratedComponent:63 - No mode defined for component null
2026-09-14 21:35:22,002 [WARN] ModelIntegratedComponent:63 - No mode defined for component null
2026-09-14 21:35:22,002 [WARN] ModelIntegratedComponent:63 - No mode defined for component null
2026-09-14 21:35:22,022 [INFO] ThirdPartyModel:298 - Start build external matchings
2026-09-14 21:35:22,260 [INFO] ThirdPartyModel:316 - End build external matchings
2026-09-14 21:35:22,444 [INFO] UtilMem:75 - End LoadConfig() Used Memory: 801786432 Bytes (922746880)
2026-09-14 21:35:22,452 [WARN] ThirdParty:833 - waiting for thirdparty lock release [change project]
2026-09-14 21:35:22,452 [INFO] ThirdParty:835 - entering critical section [change project]
2026-09-14 21:35:22,452 [INFO] ThirdParty:1030 - CMSIS Pack Vendor :STMicroelectronics X-CUBE-AZRTOS-H7 3.5.0
2026-09-14 21:35:22,453 [INFO] ThirdParty:1030 - CMSIS Pack Vendor :STMicroelectronics X-CUBE-PM33A1 1.0.0
2026-09-14 21:35:22,453 [INFO] ThirdParty:1030 - CMSIS Pack Vendor :STMicroelectronics X-CUBE-NFC9 1.0.0
2026-09-14 21:35:22,453 [INFO] ThirdParty:1030 - CMSIS Pack Vendor :STMicroelectronics USB_HOST 2.0.0
2026-09-14 21:35:22,453 [INFO] ThirdParty:1030 - CMSIS Pack Vendor :STMicroelectronics FP-ATR-ASTRA1 2.0.3
2026-09-14 21:35:22,453 [INFO] ThirdParty:1030 - CMSIS Pack Vendor :STMicroelectronics X-CUBE-AZRTOS-F4 1.1.0
2026-09-14 21:35:22,453 [INFO] ThirdParty:1030 - CMSIS Pack Vendor :STMicroelectronics LIBJPEG 8.0.0
2026-09-14 21:35:22,453 [INFO] ThirdParty:1030 - CMSIS Pack Vendor :STMicroelectronics X-CUBE-BLE1 7.1.0
2026-09-14 21:35:22,453 [INFO] ThirdParty:1030 - CMSIS Pack Vendor :wolfSSL I-CUBE-wolfMQTT 1.19.2
2026-09-14 21:35:22,453 [INFO] ThirdParty:1030 - CMSIS Pack Vendor :STMicroelectronics USB_DEVICE 3.0.0
2026-09-14 21:35:22,453 [INFO] ThirdParty:1030 - CMSIS Pack Vendor :STMicroelectronics X-CUBE-ISPU 2.1.0
2026-09-14 21:35:22,453 [INFO] ThirdParty:1030 - CMSIS Pack Vendor :STMicroelectronics X-CUBE-EEPRMA1 5.2.0
2026-09-14 21:35:22,453 [INFO] ThirdParty:1030 - CMSIS Pack Vendor :STMicroelectronics X-CUBE-AZRTOS-WB 2.0.0
2026-09-14 21:35:22,453 [INFO] ThirdParty:1030 - CMSIS Pack Vendor :STMicroelectronics X-CUBE-NFC12 1.0.0
2026-09-14 21:35:22,453 [INFO] ThirdParty:1030 - CMSIS Pack Vendor :STMicroelectronics X-CUBE-AZRTOS-F7 1.1.0
2026-09-14 21:35:22,453 [INFO] ThirdParty:1030 - CMSIS Pack Vendor :STMicroelectronics X-CUBE-AZRTOS-L5 2.0.0
2026-09-14 21:35:22,453 [INFO] ThirdParty:1030 - CMSIS Pack Vendor :STMicroelectronics USB_DEVICE 2.0.0
2026-09-14 21:35:22,453 [INFO] ThirdParty:1030 - CMSIS Pack Vendor :STMicroelectronics X-CUBE-STSE01 2.0.0
2026-09-14 21:35:22,453 [INFO] ThirdParty:1030 - CMSIS Pack Vendor :STMicroelectronics X-CUBE-ALGOBUILD 1.5.0
2026-09-14 21:35:22,453 [INFO] ThirdParty:1030 - CMSIS Pack Vendor :STMicroelectronics FreeRTOS 0.0.1
2026-09-14 21:35:22,453 [INFO] ThirdParty:1030 - CMSIS Pack Vendor :STMicroelectronics X-CUBE-AZRTOS-H7RS 1.3.0
2026-09-14 21:35:22,453 [INFO] ThirdParty:1030 - CMSIS Pack Vendor :STMicroelectronics X-CUBE-AZRTOS-G0 1.1.0
2026-09-14 21:35:22,453 [INFO] ThirdParty:1030 - CMSIS Pack Vendor :STMicroelectronics X-CUBE-NFC4 3.0.0
2026-09-14 21:35:22,453 [INFO] ThirdParty:1030 - CMSIS Pack Vendor :STMicroelectronics X-CUBE-SUBG2 5.0.0
2026-09-14 21:35:22,453 [INFO] ThirdParty:1030 - CMSIS Pack Vendor :STMicroelectronics STM32_WPAN 1.0.0
2026-09-14 21:35:22,453 [INFO] ThirdParty:1030 - CMSIS Pack Vendor :STMicroelectronics lwIP 2.0.3
2026-09-14 21:35:22,453 [INFO] ThirdParty:1030 - CMSIS Pack Vendor :STMicroelectronics X-CUBE-MEMS1 13.0.0
2026-09-14 21:35:22,453 [INFO] ThirdParty:1030 - CMSIS Pack Vendor :STMicroelectronics USB_HOST 1.0.0
2026-09-14 21:35:22,453 [INFO] ThirdParty:1030 - CMSIS Pack Vendor :STMicroelectronics X-CUBE-AZRTOS-G4 2.0.0
2026-09-14 21:35:22,453 [INFO] ThirdParty:1030 - CMSIS Pack Vendor :STMicroelectronics PDM2PCM 3.1.0
2026-09-14 21:35:22,453 [INFO] ThirdParty:1030 - CMSIS Pack Vendor :STMicroelectronics PDM2PCM 3.3.0
2026-09-14 21:35:22,453 [INFO] ThirdParty:1030 - CMSIS Pack Vendor :wolfSSL I-CUBE-wolfTPM 3.8.0
2026-09-14 21:35:22,453 [INFO] ThirdParty:1030 - CMSIS Pack Vendor :STMicroelectronics X-CUBE-DISPLAY 3.0.0
2026-09-14 21:35:22,454 [INFO] ThirdParty:1030 - CMSIS Pack Vendor :wolfSSL I-CUBE-wolfSSH 1.4.20
2026-09-14 21:35:22,454 [INFO] ThirdParty:1030 - CMSIS Pack Vendor :STMicroelectronics X-CUBE-NFC7 2.0.0
2026-09-14 21:35:22,454 [INFO] ThirdParty:1030 - CMSIS Pack Vendor :STMicroelectronics X-CUBE-GNSS1 7.1.1
2026-09-14 21:35:22,454 [INFO] ThirdParty:1030 - CMSIS Pack Vendor :STMicroelectronics FP-ATR-SIGFOX1 3.2.0
2026-09-14 21:35:22,454 [INFO] ThirdParty:1030 - CMSIS Pack Vendor :STMicroelectronics X-CUBE-NFC10 1.0.0
2026-09-14 21:35:22,454 [INFO] ThirdParty:1030 - CMSIS Pack Vendor :STMicroelectronics HAL Drivers 0.0.0
2026-09-14 21:35:22,454 [INFO] ThirdParty:1030 - CMSIS Pack Vendor :STMicroelectronics MBEDTLS 2.16.2
2026-09-14 21:35:22,454 [INFO] ThirdParty:1030 - CMSIS Pack Vendor :STMicroelectronics X-CUBE-ALS 1.0.2
2026-09-14 21:35:22,454 [INFO] ThirdParty:1030 - CMSIS Pack Vendor :emotas I-CUBE-CANOPEN 1.3.0
2026-09-14 21:35:22,454 [INFO] ThirdParty:1030 - CMSIS Pack Vendor :wolfSSL I-CUBE-wolfSSL 5.9.2
2026-09-14 21:35:22,454 [INFO] ThirdParty:1030 - CMSIS Pack Vendor :STMicroelectronics MBEDTLS 2.14.1
2026-09-14 21:35:22,454 [INFO] ThirdParty:1030 - CMSIS Pack Vendor :ITTIA_DB I-CUBE-ITTIADB 8.9.0
2026-09-14 21:35:22,454 [INFO] ThirdParty:1030 - CMSIS Pack Vendor :STMicroelectronics X-CUBE-TOUCHGFX 4.26.1
2026-09-14 21:35:22,454 [INFO] ThirdParty:1030 - CMSIS Pack Vendor :STMicroelectronics X-CUBE-NFC6 3.2.0
2026-09-14 21:35:22,454 [INFO] ThirdParty:1030 - CMSIS Pack Vendor :STMicroelectronics X-CUBE-AI 10.2.1
2026-09-14 21:35:22,454 [INFO] ThirdParty:1030 - CMSIS Pack Vendor :STMicroelectronics ThreadX 1.0.0
2026-09-14 21:35:22,454 [INFO] ThirdParty:1030 - CMSIS Pack Vendor :STMicroelectronics FP-SNS-SMARTAG2 1.2.0
2026-09-14 21:35:22,454 [INFO] ThirdParty:1030 - CMSIS Pack Vendor :STMicroelectronics X-CUBE-AZRTOS-WL 2.0.0
2026-09-14 21:35:22,454 [INFO] ThirdParty:1030 - CMSIS Pack Vendor :SEGGER I-CUBE-embOS 1.3.1
2026-09-14 21:35:22,454 [INFO] ThirdParty:1030 - CMSIS Pack Vendor :STMicroelectronics USB_DEVICE 1.0.0
2026-09-14 21:35:22,454 [INFO] ThirdParty:1030 - CMSIS Pack Vendor :STMicroelectronics X-CUBE-AZRTOS-L4 2.0.0
2026-09-14 21:35:22,454 [INFO] ThirdParty:1030 - CMSIS Pack Vendor :STMicroelectronics ThreadX 0.0.2
2026-09-14 21:35:22,454 [INFO] ThirdParty:1030 - CMSIS Pack Vendor :STMicroelectronics lwIP 2.1.2
2026-09-14 21:35:22,454 [INFO] ThirdParty:1030 - CMSIS Pack Vendor :STMicroelectronics X-CUBE-SFXS2LP1 4.0.0
2026-09-14 21:35:22,455 [INFO] ThirdParty:1030 - CMSIS Pack Vendor :STMicroelectronics X-CUBE-BLE2 3.3.0
2026-09-14 21:35:22,455 [INFO] ThirdParty:1030 - CMSIS Pack Vendor :STMicroelectronics X-CUBE-NFC13 1.0.0
2026-09-14 21:35:22,455 [INFO] ThirdParty:1030 - CMSIS Pack Vendor :STMicroelectronics PDM2PCM 3.2.0
2026-09-14 21:35:22,455 [INFO] ThirdParty:1030 - CMSIS Pack Vendor :STMicroelectronics X-CUBE-WB05N 2.1.0
2026-09-14 21:35:22,455 [INFO] ThirdParty:841 - exiting critical section [change project]
2026-09-14 21:35:23,008 [INFO] PinOutPanel:1499 - setPackage(No Configuration,No Configuration)
2026-09-14 21:35:23,010 [INFO] PinOutPanel:1499 - setPackage(STM32L476RGTx,LQFP64)
2026-09-14 21:35:23,605 [INFO] UtilMem:75 - Before build in PCC Used Memory: 744480200 Bytes (934281216)
2026-09-14 21:35:24,186 [INFO] UtilMem:75 - After build in PCC Used Memory: 764308480 Bytes (934281216)
2026-09-14 21:35:24,227 [INFO] IPUIPlugin:80 - create IPUIPlugin
2026-09-14 21:35:24,227 [INFO] IPUIPlugin:80 - create IPUIPlugin
2026-09-14 21:35:24,227 [INFO] IPUIPlugin:80 - create IPUIPlugin
2026-09-14 21:35:24,227 [INFO] IPUIPlugin:80 - create IPUIPlugin
2026-09-14 21:35:24,227 [INFO] IPUIPlugin:80 - create IPUIPlugin
2026-09-14 21:35:24,227 [INFO] IPUIPlugin:80 - create IPUIPlugin
2026-09-14 21:35:24,228 [INFO] IPUIPlugin:80 - create IPUIPlugin
2026-09-14 21:35:24,228 [INFO] IPUIPlugin:80 - create IPUIPlugin
2026-09-14 21:35:24,228 [INFO] IPUIPlugin:80 - create IPUIPlugin
2026-09-14 21:35:24,228 [INFO] IPUIPlugin:80 - create IPUIPlugin
2026-09-14 21:35:24,228 [INFO] IPUIPlugin:80 - create IPUIPlugin
2026-09-14 21:35:24,228 [INFO] IPUIPlugin:80 - create IPUIPlugin
2026-09-14 21:35:24,228 [INFO] IPUIPlugin:80 - create IPUIPlugin
2026-09-14 21:35:24,228 [INFO] IPUIPlugin:80 - create IPUIPlugin
2026-09-14 21:35:24,229 [INFO] IPUIPlugin:80 - create IPUIPlugin
2026-09-14 21:35:24,229 [INFO] IPUIPlugin:80 - create IPUIPlugin
2026-09-14 21:35:24,229 [INFO] IPUIPlugin:80 - create IPUIPlugin
2026-09-14 21:35:24,229 [INFO] IPUIPlugin:80 - create IPUIPlugin
2026-09-14 21:35:24,229 [INFO] IPUIPlugin:80 - create IPUIPlugin
2026-09-14 21:35:24,230 [INFO] IPUIPlugin:80 - create IPUIPlugin
2026-09-14 21:35:24,230 [INFO] IPUIPlugin:80 - create IPUIPlugin
2026-09-14 21:35:24,230 [INFO] IPUIPlugin:80 - create IPUIPlugin
2026-09-14 21:35:24,230 [INFO] IPUIPlugin:80 - create IPUIPlugin
2026-09-14 21:35:24,230 [INFO] IPUIPlugin:80 - create IPUIPlugin
2026-09-14 21:35:24,230 [INFO] IPUIPlugin:80 - create IPUIPlugin
2026-09-14 21:35:24,231 [INFO] IPUIPlugin:80 - create IPUIPlugin
2026-09-14 21:35:24,231 [INFO] IPUIPlugin:80 - create IPUIPlugin
2026-09-14 21:35:24,231 [INFO] IPUIPlugin:80 - create IPUIPlugin
2026-09-14 21:35:24,231 [INFO] IPUIPlugin:80 - create IPUIPlugin
2026-09-14 21:35:24,231 [INFO] IPUIPlugin:80 - create IPUIPlugin
2026-09-14 21:35:24,232 [INFO] IPUIPlugin:80 - create IPUIPlugin
2026-09-14 21:35:24,232 [INFO] IPUIPlugin:80 - create IPUIPlugin
2026-09-14 21:35:24,232 [INFO] IPUIPlugin:80 - create IPUIPlugin
2026-09-14 21:35:24,233 [INFO] IPUIPlugin:80 - create IPUIPlugin
2026-09-14 21:35:24,233 [INFO] IPUIPlugin:80 - create IPUIPlugin
2026-09-14 21:35:24,233 [INFO] IPUIPlugin:80 - create IPUIPlugin
2026-09-14 21:35:24,234 [INFO] IPUIPlugin:80 - create IPUIPlugin
2026-09-14 21:35:24,234 [INFO] IPUIPlugin:80 - create IPUIPlugin
2026-09-14 21:35:24,234 [INFO] IPUIPlugin:80 - create IPUIPlugin
2026-09-14 21:35:24,234 [INFO] IPUIPlugin:80 - create IPUIPlugin
2026-09-14 21:35:24,234 [INFO] IPUIPlugin:80 - create IPUIPlugin
2026-09-14 21:35:24,234 [INFO] IPUIPlugin:80 - create IPUIPlugin
2026-09-14 21:35:24,235 [INFO] IPUIPlugin:80 - create IPUIPlugin
2026-09-14 21:35:24,235 [INFO] IPUIPlugin:80 - create IPUIPlugin
2026-09-14 21:35:24,235 [INFO] IPUIPlugin:80 - create IPUIPlugin
2026-09-14 21:35:24,235 [INFO] IPUIPlugin:80 - create IPUIPlugin
2026-09-14 21:35:24,235 [INFO] IPUIPlugin:80 - create IPUIPlugin
2026-09-14 21:35:24,236 [INFO] IPUIPlugin:80 - create IPUIPlugin
2026-09-14 21:35:24,236 [INFO] IPUIPlugin:80 - create IPUIPlugin
2026-09-14 21:35:24,236 [INFO] IPUIPlugin:80 - create IPUIPlugin
2026-09-14 21:35:24,236 [INFO] IPUIPlugin:80 - create IPUIPlugin
2026-09-14 21:35:24,237 [INFO] IPUIPlugin:80 - create IPUIPlugin
2026-09-14 21:35:24,237 [INFO] IPUIPlugin:80 - create IPUIPlugin
2026-09-14 21:35:24,238 [INFO] IPUIPlugin:80 - create IPUIPlugin
2026-09-14 21:35:24,238 [INFO] IPUIPlugin:80 - create IPUIPlugin
2026-09-14 21:35:24,238 [INFO] IPUIPlugin:80 - create IPUIPlugin
2026-09-14 21:35:24,239 [INFO] IPUIPlugin:80 - create IPUIPlugin
2026-09-14 21:35:24,240 [INFO] IPUIPlugin:80 - create IPUIPlugin
2026-09-14 21:35:24,240 [INFO] IPUIPlugin:80 - create IPUIPlugin
2026-09-14 21:35:24,410 [INFO] CADModel:165 - CPN selected for project levelSTM32L476RGT3
2026-09-14 21:35:24,410 [INFO] CADModel:114 - Register for checkConnection events
2026-09-14 21:35:24,447 [INFO] OpenFileManager:328 - Restore cursor
2026-09-14 21:35:24,856 [INFO] UtilMem:75 - End SaveConfig() Used Memory: 823057296 Bytes (934281216)
2026-09-14 21:35:24,900 [INFO] UtilMem:75 - End SaveConfig() Used Memory: 752774144 Bytes (934281216)
2026-09-14 21:35:25,248 [INFO] BlockDiagram:2759 - set Specific Code input for plugin: RCC
2026-09-14 21:35:25,248 [INFO] BlockDiagram:2759 - set Specific Code input for plugin: NVIC
2026-09-14 21:35:25,249 [INFO] CodeGenerator:793 - code generatio: config db path: /app/stm32cubeide/plugins/com.st.stm32cube.common.mx_6.8.0.202302231600//db/
2026-09-14 21:35:25,561 [INFO] CodeEngine:255 - oldGeneratedFile, /home/abderrahim/Bureau/TEMP/LoRa/Projet_IOT/Projets_STM/Heart Rate Sensor/MXTmpFiles/license.tmp_save
2026-09-14 21:35:25,929 [INFO] CodeEngine:279 - Generated code: /home/abderrahim/Bureau/TEMP/LoRa/Projet_IOT/Projets_STM/Heart Rate Sensor/MXTmpFiles/license.tmp
2026-09-14 21:35:25,938 [INFO] CodeEngine:255 - oldGeneratedFile, /home/abderrahim/Bureau/TEMP/LoRa/Projet_IOT/Projets_STM/Heart Rate Sensor/Core/Src/stm32l4xx_it.c_save
2026-09-14 21:35:26,103 [INFO] CodeEngine:279 - Generated code: /home/abderrahim/Bureau/TEMP/LoRa/Projet_IOT/Projets_STM/Heart Rate Sensor/Core/Src/stm32l4xx_it.c
2026-09-14 21:35:26,104 [INFO] CodeEngine:255 - oldGeneratedFile, /home/abderrahim/Bureau/TEMP/LoRa/Projet_IOT/Projets_STM/Heart Rate Sensor/Core/Inc/stm32l4xx_it.h_save
2026-09-14 21:35:26,189 [INFO] CodeEngine:279 - Generated code: /home/abderrahim/Bureau/TEMP/LoRa/Projet_IOT/Projets_STM/Heart Rate Sensor/Core/Inc/stm32l4xx_it.h
2026-09-14 21:35:26,276 [INFO] CodeEngine:255 - oldGeneratedFile, /home/abderrahim/Bureau/TEMP/LoRa/Projet_IOT/Projets_STM/Heart Rate Sensor/Core/Src/stm32l4xx_hal_msp.c_save
2026-09-14 21:35:26,383 [INFO] CodeEngine:279 - Generated code: /home/abderrahim/Bureau/TEMP/LoRa/Projet_IOT/Projets_STM/Heart Rate Sensor/Core/Src/stm32l4xx_hal_msp.c
2026-09-14 21:35:26,385 [INFO] CodeEngine:255 - oldGeneratedFile, /home/abderrahim/Bureau/TEMP/LoRa/Projet_IOT/Projets_STM/Heart Rate Sensor/MXTmpFiles/system.tmp_save
2026-09-14 21:35:26,452 [INFO] CodeEngine:279 - Generated code: /home/abderrahim/Bureau/TEMP/LoRa/Projet_IOT/Projets_STM/Heart Rate Sensor/MXTmpFiles/system.tmp
2026-09-14 21:35:26,455 [INFO] CodeEngine:311 - oldGeneratedFile, /home/abderrahim/Bureau/TEMP/LoRa/Projet_IOT/Projets_STM/Heart Rate Sensor/Core/Inc/stm32l4xx_hal_conf.h_save
2026-09-14 21:35:26,524 [INFO] CodeEngine:335 - Generated code: /home/abderrahim/Bureau/TEMP/LoRa/Projet_IOT/Projets_STM/Heart Rate Sensor/Core/Inc/stm32l4xx_hal_conf.h
2026-09-14 21:35:26,561 [INFO] CodeEngine:255 - oldGeneratedFile, /home/abderrahim/Bureau/TEMP/LoRa/Projet_IOT/Projets_STM/Heart Rate Sensor/Core/Inc/main.h_save
2026-09-14 21:35:26,618 [INFO] CodeEngine:279 - Generated code: /home/abderrahim/Bureau/TEMP/LoRa/Projet_IOT/Projets_STM/Heart Rate Sensor/Core/Inc/main.h
2026-09-14 21:35:26,619 [INFO] CodeEngine:255 - oldGeneratedFile, /home/abderrahim/Bureau/TEMP/LoRa/Projet_IOT/Projets_STM/Heart Rate Sensor/Core/Src/main.c_save
2026-09-14 21:35:26,700 [INFO] CodeEngine:279 - Generated code: /home/abderrahim/Bureau/TEMP/LoRa/Projet_IOT/Projets_STM/Heart Rate Sensor/Core/Src/main.c
2026-09-14 21:35:27,293 [INFO] ProjectBuilder:2996 - Time for Copy HAL[1] : 47mS.
2026-09-14 21:35:27,302 [INFO] ProjectBuilder:4304 - Project Generator version: 3.19.2
2026-09-14 21:35:27,609 [INFO] ConfigFileManager:1483 - The Die is : DIE415
2026-09-14 21:35:27,632 [INFO] ApiDbMcu:507 - Load IP Config File for FATFS
2026-09-14 21:35:27,638 [INFO] ApiDbMcu:507 - Load IP Config File for FREERTOS
2026-09-14 21:35:27,649 [INFO] ApiDbMcu:507 - Load IP Config File for TOUCHSENSING
2026-09-14 21:35:27,656 [INFO] ApiDbMcu:507 - Load IP Config File for USB_DEVICE
2026-09-14 21:35:27,660 [INFO] ApiDbMcu:507 - Load IP Config File for USB_HOST
2026-09-14 21:35:28,410 [INFO] LogOutputStream:77 - [STDOUT_REDIRECT] 
2026-09-14 21:35:30,120 [INFO] ProjectBuilder:4505 - Time for Generating toolchain IDE Files: 2817mS.
2026-09-14 21:35:30,122 [INFO] ProjectBuilder:2867 - Time for Copy CMSIS : 2mS.
2026-09-14 21:35:30,123 [INFO] ProjectBuilder:2867 - Time for Copy CMSIS : 0mS.
2026-09-14 21:35:30,618 [INFO] McuFinderGlobals:66 - Set McuFinderConnectedMode to true
2026-09-14 21:35:30,622 [INFO] ApiDb:448 - Save user favorites file /home/abderrahim/.stm32cubeide/favorites.mcus.txt: 6 item(s)
2026-09-14 21:35:30,623 [INFO] ApiDb:452 - User favorites MCUs=[STM32C011D6Y3TR, STM32F446ZET6, STM32L412C8T6, STM32L432KCU3, STM32L476RGT3, STM32L476RGT6]
2026-09-14 21:39:57,727 [INFO] ParamManager:886 - [Generic UI] PropertyChangeEvent: TAB_STATUS_CHANGED , "dont care", "never mind"
2026-09-14 21:39:57,755 [INFO] ParamManager:886 - [Generic UI] PropertyChangeEvent: TAB_STATUS_CHANGED , "dont care", "never mind"
2026-09-14 21:39:57,772 [INFO] ADCParametersView:116 -                Rank 1 : false
2026-09-14 21:39:57,846 [INFO] ADCParametersView:116 -                Rank 1 : false
2026-09-14 21:39:57,846 [INFO] ADCParametersView:116 -                Rank 1 : false
2026-09-14 21:39:57,847 [INFO] ADCParametersView:116 -                Rank 1 : false
2026-09-14 21:39:57,847 [INFO] ADCParametersView:116 -                Rank 1 : false
2026-09-14 21:39:57,847 [INFO] ADCParametersView:116 -                Rank 1 : false
2026-09-14 21:39:57,847 [INFO] ADCParametersView:116 -                Rank 1 : false
2026-09-14 21:39:57,848 [INFO] ADCParametersView:116 -                Rank 1 : false
2026-09-14 21:39:57,848 [INFO] ADCParametersView:116 -                Rank 1 : false
2026-09-14 21:39:57,848 [INFO] ADCParametersView:116 -                Rank 1 : false
2026-09-14 21:39:57,848 [INFO] ADCParametersView:116 -                Rank 1 : false
2026-09-14 21:39:57,849 [INFO] ADCParametersView:116 -                Rank 1 : false
2026-09-14 21:39:57,849 [INFO] ADCParametersView:116 -                Rank 1 : false
2026-09-14 21:39:57,849 [INFO] ADCParametersView:116 -                Rank 1 : false
2026-09-14 21:39:57,849 [INFO] ADCParametersView:116 -                Rank 1 : false
2026-09-14 21:39:57,849 [INFO] ADCParametersView:116 -                Rank 1 : false
2026-09-14 21:39:57,849 [INFO] ADCParametersView:116 -                Rank 1 : false
2026-09-14 21:39:57,849 [INFO] ADCParametersView:116 -                Rank 1 : false
2026-09-14 21:39:57,850 [INFO] ADCParametersView:116 -                Rank 1 : false
2026-09-14 21:39:57,850 [INFO] ADCParametersView:116 -                Rank 1 : false
2026-09-14 21:39:57,850 [INFO] ADCParametersView:116 -                Rank 1 : false
2026-09-14 21:39:57,863 [INFO] ADCParametersView:116 -                Rank 1 : false
2026-09-14 21:39:57,982 [INFO] NvicIntPanel:101 - NVIC parent = com.st.microxplorer.plugins.ip.nvic.MultiNvicIntPanel[,0,0,0x0,invalid,layout=javax.swing.BoxLayout,alignmentX=0.0,alignmentY=0.0,border=,flags=9,maximumSize=,minimumSize=,preferredSize=]
2026-09-14 21:39:58,094 [INFO] NvicIntPanel:101 - NVIC parent = com.st.microxplorer.plugins.ip.nvic.MultiNvicIntPanel[,0,0,0x0,invalid,layout=javax.swing.BoxLayout,alignmentX=0.0,alignmentY=0.0,border=,flags=9,maximumSize=,minimumSize=,preferredSize=]
2026-09-14 21:39:58,197 [INFO] NvicIntPanel:101 - NVIC parent = com.st.microxplorer.plugins.ip.nvic.MultiNvicIntPanel[,0,0,0x0,invalid,layout=javax.swing.BoxLayout,alignmentX=0.0,alignmentY=0.0,border=,flags=9,maximumSize=,minimumSize=,preferredSize=]
2026-09-14 21:39:58,272 [INFO] ADCParametersView:116 -                Rank 1 : false
2026-09-14 21:39:58,272 [INFO] ADCParametersView:116 -                Rank 1 : false
2026-09-14 21:39:58,272 [INFO] ADCParametersView:116 -                Rank 1 : false
2026-09-14 21:39:58,272 [INFO] ADCParametersView:116 -                Rank 1 : false
2026-09-14 21:39:58,272 [INFO] ADCParametersView:116 -                Rank 1 : false
2026-09-14 21:39:58,273 [INFO] ADCParametersView:116 -                Rank 1 : false
2026-09-14 21:39:58,273 [INFO] ADCParametersView:116 -                Rank 1 : false
2026-09-14 21:39:58,273 [INFO] ADCParametersView:116 -                Rank 1 : false
2026-09-14 21:39:58,273 [INFO] ADCParametersView:116 -                Rank 1 : false
2026-09-14 21:39:58,273 [INFO] ADCParametersView:116 -                Rank 1 : false
2026-09-14 21:39:58,273 [INFO] ADCParametersView:116 -                Rank 1 : false
2026-09-14 21:39:58,273 [INFO] ADCParametersView:116 -                Rank 1 : false
2026-09-14 21:39:58,273 [INFO] ADCParametersView:116 -                Rank 1 : false
2026-09-14 21:39:58,273 [INFO] ADCParametersView:116 -                Rank 1 : false
2026-09-14 21:39:58,273 [INFO] ADCParametersView:116 -                Rank 1 : false
2026-09-14 21:39:58,273 [INFO] ADCParametersView:116 -                Rank 1 : false
2026-09-14 21:39:58,274 [INFO] ADCParametersView:116 -                Rank 1 : false
2026-09-14 21:39:58,274 [INFO] ADCParametersView:116 -                Rank 1 : false
2026-09-14 21:39:58,274 [INFO] ADCParametersView:116 -                Rank 1 : false
2026-09-14 21:39:58,274 [INFO] ADCParametersView:116 -                Rank 1 : false
2026-09-14 21:39:58,311 [INFO] ADCParametersView:116 -                Rank 1 : false
2026-09-14 21:39:58,352 [INFO] ADCParametersView:116 -                Rank 1 : false
2026-09-14 21:39:58,352 [INFO] ADCParametersView:116 -                Rank 1 : false
2026-09-14 21:39:58,352 [INFO] ADCParametersView:116 -                Rank 1 : false
2026-09-14 21:39:58,353 [INFO] ADCParametersView:116 -                Rank 1 : false
2026-09-14 21:39:58,353 [INFO] ADCParametersView:116 -                Rank 1 : false
2026-09-14 21:39:58,353 [INFO] ADCParametersView:116 -                Rank 1 : false
2026-09-14 21:39:58,353 [INFO] ADCParametersView:116 -                Rank 1 : false
2026-09-14 21:39:58,353 [INFO] ADCParametersView:116 -                Rank 1 : false
2026-09-14 21:39:58,353 [INFO] ADCParametersView:116 -                Rank 1 : false
2026-09-14 21:39:58,353 [INFO] ADCParametersView:116 -                Rank 1 : false
2026-09-14 21:39:58,353 [INFO] ADCParametersView:116 -                Rank 1 : false
2026-09-14 21:39:58,353 [INFO] ADCParametersView:116 -                Rank 1 : false
2026-09-14 21:39:58,354 [INFO] ADCParametersView:116 -                Rank 1 : false
2026-09-14 21:39:58,354 [INFO] ADCParametersView:116 -                Rank 1 : false
2026-09-14 21:39:58,354 [INFO] ADCParametersView:116 -                Rank 1 : false
2026-09-14 21:39:58,354 [INFO] ADCParametersView:116 -                Rank 1 : false
2026-09-14 21:39:58,354 [INFO] ADCParametersView:116 -                Rank 1 : false
2026-09-14 21:39:58,354 [INFO] ADCParametersView:116 -                Rank 1 : false
2026-09-14 21:39:58,354 [INFO] ADCParametersView:116 -                Rank 1 : false
2026-09-14 21:39:58,354 [INFO] ADCParametersView:116 -                Rank 1 : false
2026-09-14 21:39:58,389 [INFO] ADCParametersView:116 -                Rank 1 : false
2026-09-14 21:40:03,202 [INFO] ADCParametersView:116 -                Rank 1 : false
2026-09-14 21:40:03,202 [INFO] ADCParametersView:116 -                Rank 1 : false
2026-09-14 21:40:03,202 [INFO] ADCParametersView:116 -                Rank 1 : false
2026-09-14 21:40:03,202 [INFO] ADCParametersView:116 -                Rank 1 : false
2026-09-14 21:40:03,202 [INFO] ADCParametersView:116 -                Rank 1 : false
2026-09-14 21:40:03,202 [INFO] ADCParametersView:116 -                Rank 1 : false
2026-09-14 21:40:03,203 [INFO] ADCParametersView:116 -                Rank 1 : false
2026-09-14 21:40:03,203 [INFO] ADCParametersView:116 -                Rank 1 : false
2026-09-14 21:40:03,203 [INFO] ADCParametersView:116 -                Rank 1 : false
2026-09-14 21:40:03,203 [INFO] ADCParametersView:116 -                Rank 1 : false
2026-09-14 21:40:03,203 [INFO] ADCParametersView:116 -                Rank 1 : false
2026-09-14 21:40:03,203 [INFO] ADCParametersView:116 -                Rank 1 : false
2026-09-14 21:40:03,203 [INFO] ADCParametersView:116 -                Rank 1 : false
2026-09-14 21:40:03,203 [INFO] ADCParametersView:116 -                Rank 1 : false
2026-09-14 21:40:03,203 [INFO] ADCParametersView:116 -                Rank 1 : false
2026-09-14 21:40:03,203 [INFO] ADCParametersView:116 -                Rank 1 : false
2026-09-14 21:40:03,203 [INFO] ADCParametersView:116 -                Rank 1 : false
2026-09-14 21:40:03,203 [INFO] ADCParametersView:116 -                Rank 1 : false
2026-09-14 21:40:03,203 [INFO] ADCParametersView:116 -                Rank 1 : false
2026-09-14 21:40:03,203 [INFO] ADCParametersView:116 -                Rank 1 : false
2026-09-14 21:40:03,212 [INFO] ADCParametersView:116 -                Rank 1 : false
2026-09-14 21:40:03,226 [INFO] ADCParametersView:116 -                Rank 1 : false
2026-09-14 21:40:03,226 [INFO] ADCParametersView:116 -                Rank 1 : false
2026-09-14 21:40:03,226 [INFO] ADCParametersView:116 -                Rank 1 : false
2026-09-14 21:40:03,226 [INFO] ADCParametersView:116 -                Rank 1 : false
2026-09-14 21:40:03,226 [INFO] ADCParametersView:116 -                Rank 1 : false
2026-09-14 21:40:03,226 [INFO] ADCParametersView:116 -                Rank 1 : false
2026-09-14 21:40:03,226 [INFO] ADCParametersView:116 -                Rank 1 : false
2026-09-14 21:40:03,226 [INFO] ADCParametersView:116 -                Rank 1 : false
2026-09-14 21:40:03,226 [INFO] ADCParametersView:116 -                Rank 1 : false
2026-09-14 21:40:03,226 [INFO] ADCParametersView:116 -                Rank 1 : false
2026-09-14 21:40:03,227 [INFO] ADCParametersView:116 -                Rank 1 : false
2026-09-14 21:40:03,227 [INFO] ADCParametersView:116 -                Rank 1 : false
2026-09-14 21:40:03,227 [INFO] ADCParametersView:116 -                Rank 1 : false
2026-09-14 21:40:03,227 [INFO] ADCParametersView:116 -                Rank 1 : false
2026-09-14 21:40:03,227 [INFO] ADCParametersView:116 -                Rank 1 : false
2026-09-14 21:40:03,227 [INFO] ADCParametersView:116 -                Rank 1 : false
2026-09-14 21:40:03,227 [INFO] ADCParametersView:116 -                Rank 1 : false
2026-09-14 21:40:03,227 [INFO] ADCParametersView:116 -                Rank 1 : false
2026-09-14 21:40:03,227 [INFO] ADCParametersView:116 -                Rank 1 : false
2026-09-14 21:40:03,227 [INFO] ADCParametersView:116 -                Rank 1 : false
2026-09-14 21:40:03,235 [INFO] ADCParametersView:116 -                Rank 1 : false
2026-09-14 21:40:03,300 [INFO] ADCParametersView:116 -                Rank 1 : false
2026-09-14 21:40:03,300 [INFO] ADCParametersView:116 -                Rank 1 : false
2026-09-14 21:40:03,300 [INFO] ADCParametersView:116 -                Rank 1 : false
2026-09-14 21:40:03,300 [INFO] ADCParametersView:116 -                Rank 1 : false
2026-09-14 21:40:03,300 [INFO] ADCParametersView:116 -                Rank 1 : false
2026-09-14 21:40:03,300 [INFO] ADCParametersView:116 -                Rank 1 : false
2026-09-14 21:40:03,300 [INFO] ADCParametersView:116 -                Rank 1 : false
2026-09-14 21:40:03,301 [INFO] ADCParametersView:116 -                Rank 1 : false
2026-09-14 21:40:03,301 [INFO] ADCParametersView:116 -                Rank 1 : false
2026-09-14 21:40:03,301 [INFO] ADCParametersView:116 -                Rank 1 : false
2026-09-14 21:40:03,301 [INFO] ADCParametersView:116 -                Rank 1 : false
2026-09-14 21:40:03,301 [INFO] ADCParametersView:116 -                Rank 1 : false
2026-09-14 21:40:03,301 [INFO] ADCParametersView:116 -                Rank 1 : false
2026-09-14 21:40:03,301 [INFO] ADCParametersView:116 -                Rank 1 : false
2026-09-14 21:40:03,301 [INFO] ADCParametersView:116 -                Rank 1 : false
2026-09-14 21:40:03,301 [INFO] ADCParametersView:116 -                Rank 1 : false
2026-09-14 21:40:03,301 [INFO] ADCParametersView:116 -                Rank 1 : false
2026-09-14 21:40:03,301 [INFO] ADCParametersView:116 -                Rank 1 : false
2026-09-14 21:40:03,301 [INFO] ADCParametersView:116 -                Rank 1 : false
2026-09-14 21:40:03,301 [INFO] ADCParametersView:116 -                Rank 1 : false
2026-09-14 21:40:03,348 [INFO] ADCParametersView:116 -                Rank 1 : false
2026-09-14 21:40:03,387 [INFO] ADCParametersView:116 -                Rank 1 : false
2026-09-14 21:40:03,387 [INFO] ADCParametersView:116 -                Rank 1 : false
2026-09-14 21:40:03,387 [INFO] ADCParametersView:116 -                Rank 1 : false
2026-09-14 21:40:03,387 [INFO] ADCParametersView:116 -                Rank 1 : false
2026-09-14 21:40:03,388 [INFO] ADCParametersView:116 -                Rank 1 : false
2026-09-14 21:40:03,388 [INFO] ADCParametersView:116 -                Rank 1 : false
2026-09-14 21:40:03,388 [INFO] ADCParametersView:116 -                Rank 1 : false
2026-09-14 21:40:03,388 [INFO] ADCParametersView:116 -                Rank 1 : false
2026-09-14 21:40:03,388 [INFO] ADCParametersView:116 -                Rank 1 : false
2026-09-14 21:40:03,388 [INFO] ADCParametersView:116 -                Rank 1 : false
2026-09-14 21:40:03,388 [INFO] ADCParametersView:116 -                Rank 1 : false
2026-09-14 21:40:03,388 [INFO] ADCParametersView:116 -                Rank 1 : false
2026-09-14 21:40:03,388 [INFO] ADCParametersView:116 -                Rank 1 : false
2026-09-14 21:40:03,388 [INFO] ADCParametersView:116 -                Rank 1 : false
2026-09-14 21:40:03,388 [INFO] ADCParametersView:116 -                Rank 1 : false
2026-09-14 21:40:03,388 [INFO] ADCParametersView:116 -                Rank 1 : false
2026-09-14 21:40:03,388 [INFO] ADCParametersView:116 -                Rank 1 : false
2026-09-14 21:40:03,388 [INFO] ADCParametersView:116 -                Rank 1 : false
2026-09-14 21:40:03,388 [INFO] ADCParametersView:116 -                Rank 1 : false
2026-09-14 21:40:03,388 [INFO] ADCParametersView:116 -                Rank 1 : false
2026-09-14 21:40:03,419 [INFO] ADCParametersView:116 -                Rank 1 : false
2026-09-14 21:40:03,516 [INFO] ADCParametersView:116 -                Rank 1 : false
2026-09-14 21:40:03,516 [INFO] ADCParametersView:116 -                Rank 1 : false
2026-09-14 21:40:03,516 [INFO] ADCParametersView:116 -                Rank 1 : false
2026-09-14 21:40:03,516 [INFO] ADCParametersView:116 -                Rank 1 : false
2026-09-14 21:40:03,516 [INFO] ADCParametersView:116 -                Rank 1 : false
2026-09-14 21:40:03,516 [INFO] ADCParametersView:116 -                Rank 1 : false
2026-09-14 21:40:03,516 [INFO] ADCParametersView:116 -                Rank 1 : false
2026-09-14 21:40:03,516 [INFO] ADCParametersView:116 -                Rank 1 : false
2026-09-14 21:40:03,516 [INFO] ADCParametersView:116 -                Rank 1 : false
2026-09-14 21:40:03,516 [INFO] ADCParametersView:116 -                Rank 1 : false
2026-09-14 21:40:03,516 [INFO] ADCParametersView:116 -                Rank 1 : false
2026-09-14 21:40:03,516 [INFO] ADCParametersView:116 -                Rank 1 : false
2026-09-14 21:40:03,516 [INFO] ADCParametersView:116 -                Rank 1 : false
2026-09-14 21:40:03,516 [INFO] ADCParametersView:116 -                Rank 1 : false
2026-09-14 21:40:03,517 [INFO] ADCParametersView:116 -                Rank 1 : false
2026-09-14 21:40:03,517 [INFO] ADCParametersView:116 -                Rank 1 : false
2026-09-14 21:40:03,517 [INFO] ADCParametersView:116 -                Rank 1 : false
2026-09-14 21:40:03,517 [INFO] ADCParametersView:116 -                Rank 1 : false
2026-09-14 21:40:03,517 [INFO] ADCParametersView:116 -                Rank 1 : false
2026-09-14 21:40:03,517 [INFO] ADCParametersView:116 -                Rank 1 : false
2026-09-14 21:40:03,555 [INFO] ADCParametersView:116 -                Rank 1 : false
2026-09-14 21:40:03,589 [INFO] ADCParametersView:116 -                Rank 1 : false
2026-09-14 21:40:03,589 [INFO] ADCParametersView:116 -                Rank 1 : false
2026-09-14 21:40:03,589 [INFO] ADCParametersView:116 -                Rank 1 : false
2026-09-14 21:40:03,589 [INFO] ADCParametersView:116 -                Rank 1 : false
2026-09-14 21:40:03,589 [INFO] ADCParametersView:116 -                Rank 1 : false
2026-09-14 21:40:03,589 [INFO] ADCParametersView:116 -                Rank 1 : false
2026-09-14 21:40:03,589 [INFO] ADCParametersView:116 -                Rank 1 : false
2026-09-14 21:40:03,589 [INFO] ADCParametersView:116 -                Rank 1 : false
2026-09-14 21:40:03,589 [INFO] ADCParametersView:116 -                Rank 1 : false
2026-09-14 21:40:03,589 [INFO] ADCParametersView:116 -                Rank 1 : false
2026-09-14 21:40:03,589 [INFO] ADCParametersView:116 -                Rank 1 : false
2026-09-14 21:40:03,589 [INFO] ADCParametersView:116 -                Rank 1 : false
2026-09-14 21:40:03,589 [INFO] ADCParametersView:116 -                Rank 1 : false
2026-09-14 21:40:03,589 [INFO] ADCParametersView:116 -                Rank 1 : false
2026-09-14 21:40:03,589 [INFO] ADCParametersView:116 -                Rank 1 : false
2026-09-14 21:40:03,589 [INFO] ADCParametersView:116 -                Rank 1 : false
2026-09-14 21:40:03,589 [INFO] ADCParametersView:116 -                Rank 1 : false
2026-09-14 21:40:03,589 [INFO] ADCParametersView:116 -                Rank 1 : false
2026-09-14 21:40:03,589 [INFO] ADCParametersView:116 -                Rank 1 : false
2026-09-14 21:40:03,590 [INFO] ADCParametersView:116 -                Rank 1 : false
2026-09-14 21:40:03,617 [INFO] ADCParametersView:116 -                Rank 1 : false
2026-09-14 21:40:07,639 [INFO] ParamManager:886 - [Generic UI] PropertyChangeEvent: TAB_STATUS_CHANGED , "dont care", "never mind"
2026-09-14 21:40:07,645 [INFO] ADCParametersView:116 -                Rank 1 : false
2026-09-14 21:40:07,645 [INFO] ADCParametersView:116 -                Rank 1 : false
2026-09-14 21:40:07,645 [INFO] ADCParametersView:116 -                Rank 1 : false
2026-09-14 21:40:07,645 [INFO] ADCParametersView:116 -                Rank 1 : false
2026-09-14 21:40:07,645 [INFO] ADCParametersView:116 -                Rank 1 : false
2026-09-14 21:40:07,646 [INFO] ADCParametersView:116 -                Rank 1 : false
2026-09-14 21:40:07,646 [INFO] ADCParametersView:116 -                Rank 1 : false
2026-09-14 21:40:07,646 [INFO] ADCParametersView:116 -                Rank 1 : false
2026-09-14 21:40:07,646 [INFO] ADCParametersView:116 -                Rank 1 : false
2026-09-14 21:40:07,646 [INFO] ADCParametersView:116 -                Rank 1 : false
2026-09-14 21:40:07,646 [INFO] ADCParametersView:116 -                Rank 1 : false
2026-09-14 21:40:07,646 [INFO] ADCParametersView:116 -                Rank 1 : false
2026-09-14 21:40:07,646 [INFO] ADCParametersView:116 -                Rank 1 : false
2026-09-14 21:40:07,646 [INFO] ADCParametersView:116 -                Rank 1 : false
2026-09-14 21:40:07,646 [INFO] ADCParametersView:116 -                Rank 1 : false
2026-09-14 21:40:07,646 [INFO] ADCParametersView:116 -                Rank 1 : false
2026-09-14 21:40:07,646 [INFO] ADCParametersView:116 -                Rank 1 : false
2026-09-14 21:40:07,646 [INFO] ADCParametersView:116 -                Rank 1 : false
2026-09-14 21:40:07,646 [INFO] ADCParametersView:116 -                Rank 1 : false
2026-09-14 21:40:07,646 [INFO] ADCParametersView:116 -                Rank 1 : false
2026-09-14 21:40:07,652 [INFO] ParamManager:886 - [Generic UI] PropertyChangeEvent: TAB_STATUS_CHANGED , "dont care", "never mind"
2026-09-14 21:40:07,658 [INFO] ADCParametersView:116 -                Rank 1 : false
2026-09-14 21:40:07,670 [INFO] ADCParametersView:116 -                Rank 1 : false
2026-09-14 21:40:07,671 [INFO] ADCParametersView:116 -                Rank 1 : false
2026-09-14 21:40:07,671 [INFO] ADCParametersView:116 -                Rank 1 : false
2026-09-14 21:40:07,671 [INFO] ADCParametersView:116 -                Rank 1 : false
2026-09-14 21:40:07,671 [INFO] ADCParametersView:116 -                Rank 1 : false
2026-09-14 21:40:07,671 [INFO] ADCParametersView:116 -                Rank 1 : false
2026-09-14 21:40:07,671 [INFO] ADCParametersView:116 -                Rank 1 : false
2026-09-14 21:40:07,671 [INFO] ADCParametersView:116 -                Rank 1 : false
2026-09-14 21:40:07,671 [INFO] ADCParametersView:116 -                Rank 1 : false
2026-09-14 21:40:07,671 [INFO] ADCParametersView:116 -                Rank 1 : false
2026-09-14 21:40:07,671 [INFO] ADCParametersView:116 -                Rank 1 : false
2026-09-14 21:40:07,671 [INFO] ADCParametersView:116 -                Rank 1 : false
2026-09-14 21:40:07,671 [INFO] ADCParametersView:116 -                Rank 1 : false
2026-09-14 21:40:07,671 [INFO] ADCParametersView:116 -                Rank 1 : false
2026-09-14 21:40:07,671 [INFO] ADCParametersView:116 -                Rank 1 : false
2026-09-14 21:40:07,671 [INFO] ADCParametersView:116 -                Rank 1 : false
2026-09-14 21:40:07,671 [INFO] ADCParametersView:116 -                Rank 1 : false
2026-09-14 21:40:07,671 [INFO] ADCParametersView:116 -                Rank 1 : false
2026-09-14 21:40:07,671 [INFO] ADCParametersView:116 -                Rank 1 : false
2026-09-14 21:40:07,671 [INFO] ADCParametersView:116 -                Rank 1 : false
2026-09-14 21:40:07,679 [INFO] ADCParametersView:116 -                Rank 1 : false
2026-09-14 21:40:07,739 [INFO] ADCParametersView:116 -                Rank 1 : false
2026-09-14 21:40:07,739 [INFO] ADCParametersView:116 -                Rank 1 : false
2026-09-14 21:40:07,739 [INFO] ADCParametersView:116 -                Rank 1 : false
2026-09-14 21:40:07,739 [INFO] ADCParametersView:116 -                Rank 1 : false
2026-09-14 21:40:07,739 [INFO] ADCParametersView:116 -                Rank 1 : false
2026-09-14 21:40:07,739 [INFO] ADCParametersView:116 -                Rank 1 : false
2026-09-14 21:40:07,739 [INFO] ADCParametersView:116 -                Rank 1 : false
2026-09-14 21:40:07,739 [INFO] ADCParametersView:116 -                Rank 1 : false
2026-09-14 21:40:07,739 [INFO] ADCParametersView:116 -                Rank 1 : false
2026-09-14 21:40:07,739 [INFO] ADCParametersView:116 -                Rank 1 : false
2026-09-14 21:40:07,740 [INFO] ADCParametersView:116 -                Rank 1 : false
2026-09-14 21:40:07,740 [INFO] ADCParametersView:116 -                Rank 1 : false
2026-09-14 21:40:07,740 [INFO] ADCParametersView:116 -                Rank 1 : false
2026-09-14 21:40:07,740 [INFO] ADCParametersView:116 -                Rank 1 : false
2026-09-14 21:40:07,740 [INFO] ADCParametersView:116 -                Rank 1 : false
2026-09-14 21:40:07,740 [INFO] ADCParametersView:116 -                Rank 1 : false
2026-09-14 21:40:07,740 [INFO] ADCParametersView:116 -                Rank 1 : false
2026-09-14 21:40:07,740 [INFO] ADCParametersView:116 -                Rank 1 : false
2026-09-14 21:40:07,740 [INFO] ADCParametersView:116 -                Rank 1 : false
2026-09-14 21:40:07,740 [INFO] ADCParametersView:116 -                Rank 1 : false
2026-09-14 21:40:07,769 [INFO] ADCParametersView:116 -                Rank 1 : false
2026-09-14 21:40:07,802 [INFO] ADCParametersView:116 -                Rank 1 : false
2026-09-14 21:40:07,802 [INFO] ADCParametersView:116 -                Rank 1 : false
2026-09-14 21:40:07,802 [INFO] ADCParametersView:116 -                Rank 1 : false
2026-09-14 21:40:07,802 [INFO] ADCParametersView:116 -                Rank 1 : false
2026-09-14 21:40:07,802 [INFO] ADCParametersView:116 -                Rank 1 : false
2026-09-14 21:40:07,803 [INFO] ADCParametersView:116 -                Rank 1 : false
2026-09-14 21:40:07,803 [INFO] ADCParametersView:116 -                Rank 1 : false
2026-09-14 21:40:07,803 [INFO] ADCParametersView:116 -                Rank 1 : false
2026-09-14 21:40:07,803 [INFO] ADCParametersView:116 -                Rank 1 : false
2026-09-14 21:40:07,803 [INFO] ADCParametersView:116 -                Rank 1 : false
2026-09-14 21:40:07,803 [INFO] ADCParametersView:116 -                Rank 1 : false
2026-09-14 21:40:07,803 [INFO] ADCParametersView:116 -                Rank 1 : false
2026-09-14 21:40:07,803 [INFO] ADCParametersView:116 -                Rank 1 : false
2026-09-14 21:40:07,803 [INFO] ADCParametersView:116 -                Rank 1 : false
2026-09-14 21:40:07,803 [INFO] ADCParametersView:116 -                Rank 1 : false
2026-09-14 21:40:07,803 [INFO] ADCParametersView:116 -                Rank 1 : false
2026-09-14 21:40:07,803 [INFO] ADCParametersView:116 -                Rank 1 : false
2026-09-14 21:40:07,803 [INFO] ADCParametersView:116 -                Rank 1 : false
2026-09-14 21:40:07,803 [INFO] ADCParametersView:116 -                Rank 1 : false
2026-09-14 21:40:07,803 [INFO] ADCParametersView:116 -                Rank 1 : false
2026-09-14 21:40:07,838 [INFO] ADCParametersView:116 -                Rank 1 : false
2026-09-14 21:40:07,964 [INFO] ADCParametersView:116 -                Rank 1 : false
2026-09-14 21:40:07,964 [INFO] ADCParametersView:116 -                Rank 1 : false
2026-09-14 21:40:07,964 [INFO] ADCParametersView:116 -                Rank 1 : false
2026-09-14 21:40:07,964 [INFO] ADCParametersView:116 -                Rank 1 : false
2026-09-14 21:40:07,964 [INFO] ADCParametersView:116 -                Rank 1 : false
2026-09-14 21:40:07,965 [INFO] ADCParametersView:116 -                Rank 1 : false
2026-09-14 21:40:07,965 [INFO] ADCParametersView:116 -                Rank 1 : false
2026-09-14 21:40:07,965 [INFO] ADCParametersView:116 -                Rank 1 : false
2026-09-14 21:40:07,965 [INFO] ADCParametersView:116 -                Rank 1 : false
2026-09-14 21:40:07,965 [INFO] ADCParametersView:116 -                Rank 1 : false
2026-09-14 21:40:07,965 [INFO] ADCParametersView:116 -                Rank 1 : false
2026-09-14 21:40:07,965 [INFO] ADCParametersView:116 -                Rank 1 : false
2026-09-14 21:40:07,965 [INFO] ADCParametersView:116 -                Rank 1 : false
2026-09-14 21:40:07,965 [INFO] ADCParametersView:116 -                Rank 1 : false
2026-09-14 21:40:07,965 [INFO] ADCParametersView:116 -                Rank 1 : false
2026-09-14 21:40:07,965 [INFO] ADCParametersView:116 -                Rank 1 : false
2026-09-14 21:40:07,965 [INFO] ADCParametersView:116 -                Rank 1 : false
2026-09-14 21:40:07,965 [INFO] ADCParametersView:116 -                Rank 1 : false
2026-09-14 21:40:07,966 [INFO] ADCParametersView:116 -                Rank 1 : false
2026-09-14 21:40:07,966 [INFO] ADCParametersView:116 -                Rank 1 : false
2026-09-14 21:40:08,003 [INFO] ADCParametersView:116 -                Rank 1 : false
2026-09-14 21:40:08,039 [INFO] ADCParametersView:116 -                Rank 1 : false
2026-09-14 21:40:08,039 [INFO] ADCParametersView:116 -                Rank 1 : false
2026-09-14 21:40:08,039 [INFO] ADCParametersView:116 -                Rank 1 : false
2026-09-14 21:40:08,039 [INFO] ADCParametersView:116 -                Rank 1 : false
2026-09-14 21:40:08,039 [INFO] ADCParametersView:116 -                Rank 1 : false
2026-09-14 21:40:08,039 [INFO] ADCParametersView:116 -                Rank 1 : false
2026-09-14 21:40:08,039 [INFO] ADCParametersView:116 -                Rank 1 : false
2026-09-14 21:40:08,039 [INFO] ADCParametersView:116 -                Rank 1 : false
2026-09-14 21:40:08,039 [INFO] ADCParametersView:116 -                Rank 1 : false
2026-09-14 21:40:08,039 [INFO] ADCParametersView:116 -                Rank 1 : false
2026-09-14 21:40:08,039 [INFO] ADCParametersView:116 -                Rank 1 : false
2026-09-14 21:40:08,039 [INFO] ADCParametersView:116 -                Rank 1 : false
2026-09-14 21:40:08,039 [INFO] ADCParametersView:116 -                Rank 1 : false
2026-09-14 21:40:08,039 [INFO] ADCParametersView:116 -                Rank 1 : false
2026-09-14 21:40:08,039 [INFO] ADCParametersView:116 -                Rank 1 : false
2026-09-14 21:40:08,040 [INFO] ADCParametersView:116 -                Rank 1 : false
2026-09-14 21:40:08,040 [INFO] ADCParametersView:116 -                Rank 1 : false
2026-09-14 21:40:08,040 [INFO] ADCParametersView:116 -                Rank 1 : false
2026-09-14 21:40:08,040 [INFO] ADCParametersView:116 -                Rank 1 : false
2026-09-14 21:40:08,040 [INFO] ADCParametersView:116 -                Rank 1 : false
2026-09-14 21:40:08,068 [INFO] ADCParametersView:116 -                Rank 1 : false
2026-09-14 21:40:25,109 [INFO] ADCParametersView:116 -                Rank 1 : false
2026-09-14 21:40:25,109 [INFO] ADCParametersView:116 -                Rank 1 : false
2026-09-14 21:40:25,109 [INFO] ADCParametersView:116 -                Rank 1 : false
2026-09-14 21:40:25,109 [INFO] ADCParametersView:116 -                Rank 1 : false
2026-09-14 21:40:25,109 [INFO] ADCParametersView:116 -                Rank 1 : false
2026-09-14 21:40:25,109 [INFO] ADCParametersView:116 -                Rank 1 : false
2026-09-14 21:40:25,109 [INFO] ADCParametersView:116 -                Rank 1 : false
2026-09-14 21:40:25,109 [INFO] ADCParametersView:116 -                Rank 1 : false
2026-09-14 21:40:25,109 [INFO] ADCParametersView:116 -                Rank 1 : false
2026-09-14 21:40:25,109 [INFO] ADCParametersView:116 -                Rank 1 : false
2026-09-14 21:40:25,109 [INFO] ADCParametersView:116 -                Rank 1 : false
2026-09-14 21:40:25,109 [INFO] ADCParametersView:116 -                Rank 1 : false
2026-09-14 21:40:25,109 [INFO] ADCParametersView:116 -                Rank 1 : false
2026-09-14 21:40:25,109 [INFO] ADCParametersView:116 -                Rank 1 : false
2026-09-14 21:40:25,110 [INFO] ADCParametersView:116 -                Rank 1 : false
2026-09-14 21:40:25,110 [INFO] ADCParametersView:116 -                Rank 1 : false
2026-09-14 21:40:25,110 [INFO] ADCParametersView:116 -                Rank 1 : false
2026-09-14 21:40:25,110 [INFO] ADCParametersView:116 -                Rank 1 : false
2026-09-14 21:40:25,110 [INFO] ADCParametersView:116 -                Rank 1 : false
2026-09-14 21:40:25,110 [INFO] ADCParametersView:116 -                Rank 1 : false
2026-09-14 21:40:25,135 [INFO] ADCParametersView:116 -                Rank 1 : false
2026-09-14 21:40:26,934 [INFO] NvicIntPanel:101 - NVIC parent = com.st.microxplorer.plugins.ip.nvic.MultiNvicIntPanel[,0,0,529x612,layout=javax.swing.BoxLayout,alignmentX=0.0,alignmentY=0.0,border=,flags=9,maximumSize=,minimumSize=,preferredSize=]
2026-09-14 21:40:28,788 [INFO] ADCParametersView:116 -                Rank 1 : false
2026-09-14 21:40:28,788 [INFO] ADCParametersView:116 -                Rank 1 : false
2026-09-14 21:40:28,788 [INFO] ADCParametersView:116 -                Rank 1 : false
2026-09-14 21:40:28,788 [INFO] ADCParametersView:116 -                Rank 1 : false
2026-09-14 21:40:28,788 [INFO] ADCParametersView:116 -                Rank 1 : false
2026-09-14 21:40:28,789 [INFO] ADCParametersView:116 -                Rank 1 : false
2026-09-14 21:40:28,789 [INFO] ADCParametersView:116 -                Rank 1 : false
2026-09-14 21:40:28,789 [INFO] ADCParametersView:116 -                Rank 1 : false
2026-09-14 21:40:28,789 [INFO] ADCParametersView:116 -                Rank 1 : false
2026-09-14 21:40:28,789 [INFO] ADCParametersView:116 -                Rank 1 : false
2026-09-14 21:40:28,789 [INFO] ADCParametersView:116 -                Rank 1 : false
2026-09-14 21:40:28,789 [INFO] ADCParametersView:116 -                Rank 1 : false
2026-09-14 21:40:28,789 [INFO] ADCParametersView:116 -                Rank 1 : false
2026-09-14 21:40:28,789 [INFO] ADCParametersView:116 -                Rank 1 : false
2026-09-14 21:40:28,789 [INFO] ADCParametersView:116 -                Rank 1 : false
2026-09-14 21:40:28,789 [INFO] ADCParametersView:116 -                Rank 1 : false
2026-09-14 21:40:28,789 [INFO] ADCParametersView:116 -                Rank 1 : false
2026-09-14 21:40:28,789 [INFO] ADCParametersView:116 -                Rank 1 : false
2026-09-14 21:40:28,789 [INFO] ADCParametersView:116 -                Rank 1 : false
2026-09-14 21:40:28,789 [INFO] ADCParametersView:116 -                Rank 1 : false
2026-09-14 21:40:28,812 [INFO] ADCParametersView:116 -                Rank 1 : false
2026-09-14 21:40:34,435 [INFO] ADCParametersView:116 -                Rank 1 : true
2026-09-14 21:40:46,202 [INFO] ADCParametersView:116 -                Rank 1 : true
2026-09-14 21:40:46,207 [INFO] ADCParametersView:116 -                Rank 1 : true
2026-09-14 21:40:46,207 [INFO] ADCParametersView:116 -                Rank 1 : true
2026-09-14 21:40:46,208 [INFO] ADCParametersView:116 -                Rank 1 : true
2026-09-14 21:40:46,208 [INFO] ADCParametersView:116 -                Rank 1 : true
2026-09-14 21:40:46,208 [INFO] ADCParametersView:116 -                Rank 1 : true
2026-09-14 21:40:46,208 [INFO] ADCParametersView:116 -                Rank 1 : true
2026-09-14 21:40:46,208 [INFO] ADCParametersView:116 -                Rank 1 : true
2026-09-14 21:40:46,208 [INFO] ADCParametersView:116 -                Rank 1 : true
2026-09-14 21:40:46,208 [INFO] ADCParametersView:116 -                Rank 1 : true
2026-09-14 21:40:46,208 [INFO] ADCParametersView:116 -                Rank 1 : true
2026-09-14 21:40:46,208 [INFO] ADCParametersView:116 -                Rank 1 : true
2026-09-14 21:40:46,208 [INFO] ADCParametersView:116 -                Rank 1 : true
2026-09-14 21:40:46,208 [INFO] ADCParametersView:116 -                Rank 1 : true
2026-09-14 21:40:46,208 [INFO] ADCParametersView:116 -                Rank 1 : true
2026-09-14 21:40:46,208 [INFO] ADCParametersView:116 -                Rank 1 : true
2026-09-14 21:40:46,208 [INFO] ADCParametersView:116 -                Rank 1 : true
2026-09-14 21:40:46,208 [INFO] ADCParametersView:116 -                Rank 1 : true
2026-09-14 21:40:46,208 [INFO] ADCParametersView:116 -                Rank 1 : true
2026-09-14 21:40:46,208 [INFO] ADCParametersView:116 -                Rank 1 : true
2026-09-14 21:40:46,220 [INFO] ADCParametersView:116 -                Rank 1 : true
2026-09-14 21:40:46,238 [INFO] ADCParametersView:116 -                Rank 1 : true
2026-09-14 21:40:46,239 [INFO] ADCParametersView:116 -                Rank 1 : true
2026-09-14 21:40:46,239 [INFO] ADCParametersView:116 -                Rank 1 : true
2026-09-14 21:40:46,239 [INFO] ADCParametersView:116 -                Rank 1 : true
2026-09-14 21:40:46,239 [INFO] ADCParametersView:116 -                Rank 1 : true
2026-09-14 21:40:46,239 [INFO] ADCParametersView:116 -                Rank 1 : true
2026-09-14 21:40:46,239 [INFO] ADCParametersView:116 -                Rank 1 : true
2026-09-14 21:40:46,239 [INFO] ADCParametersView:116 -                Rank 1 : true
2026-09-14 21:40:46,239 [INFO] ADCParametersView:116 -                Rank 1 : true
2026-09-14 21:40:46,239 [INFO] ADCParametersView:116 -                Rank 1 : true
2026-09-14 21:40:46,239 [INFO] ADCParametersView:116 -                Rank 1 : true
2026-09-14 21:40:46,239 [INFO] ADCParametersView:116 -                Rank 1 : true
2026-09-14 21:40:46,239 [INFO] ADCParametersView:116 -                Rank 1 : true
2026-09-14 21:40:46,240 [INFO] ADCParametersView:116 -                Rank 1 : true
2026-09-14 21:40:46,240 [INFO] ADCParametersView:116 -                Rank 1 : true
2026-09-14 21:40:46,240 [INFO] ADCParametersView:116 -                Rank 1 : true
2026-09-14 21:40:46,240 [INFO] ADCParametersView:116 -                Rank 1 : true
2026-09-14 21:40:46,240 [INFO] ADCParametersView:116 -                Rank 1 : true
2026-09-14 21:40:46,240 [INFO] ADCParametersView:116 -                Rank 1 : true
2026-09-14 21:40:46,240 [INFO] ADCParametersView:116 -                Rank 1 : true
2026-09-14 21:40:46,264 [INFO] ADCParametersView:116 -                Rank 1 : true
2026-09-14 21:40:46,311 [INFO] ADCParametersView:116 -                Rank 1 : true
2026-09-14 21:40:46,312 [INFO] ADCParametersView:116 -                Rank 1 : true
2026-09-14 21:40:46,313 [INFO] ADCParametersView:116 -                Rank 1 : true
2026-09-14 21:40:46,313 [INFO] ADCParametersView:116 -                Rank 1 : true
2026-09-14 21:40:46,313 [INFO] ADCParametersView:116 -                Rank 1 : true
2026-09-14 21:40:46,313 [INFO] ADCParametersView:116 -                Rank 1 : true
2026-09-14 21:40:46,313 [INFO] ADCParametersView:116 -                Rank 1 : true
2026-09-14 21:40:46,313 [INFO] ADCParametersView:116 -                Rank 1 : true
2026-09-14 21:40:46,313 [INFO] ADCParametersView:116 -                Rank 1 : true
2026-09-14 21:40:46,313 [INFO] ADCParametersView:116 -                Rank 1 : true
2026-09-14 21:40:46,313 [INFO] ADCParametersView:116 -                Rank 1 : true
2026-09-14 21:40:46,313 [INFO] ADCParametersView:116 -                Rank 1 : true
2026-09-14 21:40:46,313 [INFO] ADCParametersView:116 -                Rank 1 : true
2026-09-14 21:40:46,313 [INFO] ADCParametersView:116 -                Rank 1 : true
2026-09-14 21:40:46,313 [INFO] ADCParametersView:116 -                Rank 1 : true
2026-09-14 21:40:46,313 [INFO] ADCParametersView:116 -                Rank 1 : true
2026-09-14 21:40:46,313 [INFO] ADCParametersView:116 -                Rank 1 : true
2026-09-14 21:40:46,313 [INFO] ADCParametersView:116 -                Rank 1 : true
2026-09-14 21:40:46,313 [INFO] ADCParametersView:116 -                Rank 1 : true
2026-09-14 21:40:46,313 [INFO] ADCParametersView:116 -                Rank 1 : true
2026-09-14 21:40:46,350 [INFO] ADCParametersView:116 -                Rank 1 : true
2026-09-14 21:41:52,518 [INFO] Gpio:273 - dependency for GPIO [ADC1]
2026-09-14 21:42:05,875 [INFO] Gpio:273 - dependency for GPIO [ADC1]
2026-09-14 21:42:07,280 [INFO] NvicIntPanel:101 - NVIC parent = com.st.microxplorer.plugins.ip.nvic.MultiNvicIntPanel[,0,0,0x0,invalid,layout=javax.swing.BoxLayout,alignmentX=0.0,alignmentY=0.0,border=,flags=9,maximumSize=,minimumSize=,preferredSize=]
2026-09-14 21:42:18,223 [INFO] ADCParametersView:116 -                Rank 1 : true
2026-09-14 21:42:18,224 [INFO] ADCParametersView:116 -                Rank 1 : true
2026-09-14 21:42:18,225 [INFO] ADCParametersView:116 -                Rank 1 : true
2026-09-14 21:42:18,225 [INFO] ADCParametersView:116 -                Rank 1 : true
2026-09-14 21:42:18,225 [INFO] ADCParametersView:116 -                Rank 1 : true
2026-09-14 21:42:18,225 [INFO] ADCParametersView:116 -                Rank 1 : true
2026-09-14 21:42:18,225 [INFO] ADCParametersView:116 -                Rank 1 : true
2026-09-14 21:42:18,225 [INFO] ADCParametersView:116 -                Rank 1 : true
2026-09-14 21:42:18,225 [INFO] ADCParametersView:116 -                Rank 1 : true
2026-09-14 21:42:18,225 [INFO] ADCParametersView:116 -                Rank 1 : true
2026-09-14 21:42:18,225 [INFO] ADCParametersView:116 -                Rank 1 : true
2026-09-14 21:42:18,226 [INFO] ADCParametersView:116 -                Rank 1 : true
2026-09-14 21:42:18,226 [INFO] ADCParametersView:116 -                Rank 1 : true
2026-09-14 21:42:18,226 [INFO] ADCParametersView:116 -                Rank 1 : true
2026-09-14 21:42:18,226 [INFO] ADCParametersView:116 -                Rank 1 : true
2026-09-14 21:42:18,226 [INFO] ADCParametersView:116 -                Rank 1 : true
2026-09-14 21:42:18,226 [INFO] ADCParametersView:116 -                Rank 1 : true
2026-09-14 21:42:18,226 [INFO] ADCParametersView:116 -                Rank 1 : true
2026-09-14 21:42:18,226 [INFO] ADCParametersView:116 -                Rank 1 : true
2026-09-14 21:42:18,226 [INFO] ADCParametersView:116 -                Rank 1 : true
2026-09-14 21:42:18,255 [INFO] ADCParametersView:116 -                Rank 1 : true
2026-09-14 21:42:18,289 [INFO] ADCParametersView:116 -                Rank 1 : true
2026-09-14 21:42:18,290 [INFO] ADCParametersView:116 -                Rank 1 : true
2026-09-14 21:42:18,290 [INFO] ADCParametersView:116 -                Rank 1 : true
2026-09-14 21:42:18,290 [INFO] ADCParametersView:116 -                Rank 1 : true
2026-09-14 21:42:18,290 [INFO] ADCParametersView:116 -                Rank 1 : true
2026-09-14 21:42:18,290 [INFO] ADCParametersView:116 -                Rank 1 : true
2026-09-14 21:42:18,290 [INFO] ADCParametersView:116 -                Rank 1 : true
2026-09-14 21:42:18,290 [INFO] ADCParametersView:116 -                Rank 1 : true
2026-09-14 21:42:18,290 [INFO] ADCParametersView:116 -                Rank 1 : true
2026-09-14 21:42:18,290 [INFO] ADCParametersView:116 -                Rank 1 : true
2026-09-14 21:42:18,290 [INFO] ADCParametersView:116 -                Rank 1 : true
2026-09-14 21:42:18,290 [INFO] ADCParametersView:116 -                Rank 1 : true
2026-09-14 21:42:18,290 [INFO] ADCParametersView:116 -                Rank 1 : true
2026-09-14 21:42:18,290 [INFO] ADCParametersView:116 -                Rank 1 : true
2026-09-14 21:42:18,290 [INFO] ADCParametersView:116 -                Rank 1 : true
2026-09-14 21:42:18,290 [INFO] ADCParametersView:116 -                Rank 1 : true
2026-09-14 21:42:18,290 [INFO] ADCParametersView:116 -                Rank 1 : true
2026-09-14 21:42:18,290 [INFO] ADCParametersView:116 -                Rank 1 : true
2026-09-14 21:42:18,290 [INFO] ADCParametersView:116 -                Rank 1 : true
2026-09-14 21:42:18,290 [INFO] ADCParametersView:116 -                Rank 1 : true
2026-09-14 21:42:18,319 [INFO] ADCParametersView:116 -                Rank 1 : true
2026-09-14 21:42:28,072 [INFO] NvicIntPanel:101 - NVIC parent = com.st.microxplorer.plugins.ip.nvic.MultiNvicIntPanel[,0,0,0x0,invalid,layout=javax.swing.BoxLayout,alignmentX=0.0,alignmentY=0.0,border=,flags=9,maximumSize=,minimumSize=,preferredSize=]
2026-09-14 21:42:28,119 [INFO] ADCParametersView:116 -                Rank 1 : true
2026-09-14 21:42:28,120 [INFO] ADCParametersView:116 -                Rank 1 : true
2026-09-14 21:42:28,120 [INFO] ADCParametersView:116 -                Rank 1 : true
2026-09-14 21:42:28,121 [INFO] ADCParametersView:116 -                Rank 1 : true
2026-09-14 21:42:28,121 [INFO] ADCParametersView:116 -                Rank 1 : true
2026-09-14 21:42:28,121 [INFO] ADCParametersView:116 -                Rank 1 : true
2026-09-14 21:42:28,121 [INFO] ADCParametersView:116 -                Rank 1 : true
2026-09-14 21:42:28,121 [INFO] ADCParametersView:116 -                Rank 1 : true
2026-09-14 21:42:28,121 [INFO] ADCParametersView:116 -                Rank 1 : true
2026-09-14 21:42:28,121 [INFO] ADCParametersView:116 -                Rank 1 : true
2026-09-14 21:42:28,121 [INFO] ADCParametersView:116 -                Rank 1 : true
2026-09-14 21:42:28,121 [INFO] ADCParametersView:116 -                Rank 1 : true
2026-09-14 21:42:28,121 [INFO] ADCParametersView:116 -                Rank 1 : true
2026-09-14 21:42:28,121 [INFO] ADCParametersView:116 -                Rank 1 : true
2026-09-14 21:42:28,121 [INFO] ADCParametersView:116 -                Rank 1 : true
2026-09-14 21:42:28,121 [INFO] ADCParametersView:116 -                Rank 1 : true
2026-09-14 21:42:28,121 [INFO] ADCParametersView:116 -                Rank 1 : true
2026-09-14 21:42:28,121 [INFO] ADCParametersView:116 -                Rank 1 : true
2026-09-14 21:42:28,121 [INFO] ADCParametersView:116 -                Rank 1 : true
2026-09-14 21:42:28,121 [INFO] ADCParametersView:116 -                Rank 1 : true
2026-09-14 21:42:28,155 [INFO] ADCParametersView:116 -                Rank 1 : true
2026-09-14 21:43:34,268 [INFO] UtilMem:75 - End SaveConfig() Used Memory: 362774232 Bytes (730857472)
2026-09-14 21:43:37,329 [INFO] UtilMem:75 - End SaveConfig() Used Memory: 444040920 Bytes (730857472)
2026-09-14 21:43:37,528 [INFO] ProjectBuilder:2308 - IP not ready for code generation: Clock
2026-09-14 21:43:42,441 [INFO] BlockDiagram:2759 - set Specific Code input for plugin: ADC
2026-09-14 21:43:42,441 [INFO] BlockDiagram:2759 - set Specific Code input for plugin: RCC
2026-09-14 21:43:42,441 [INFO] BlockDiagram:2759 - set Specific Code input for plugin: NVIC
2026-09-14 21:43:42,441 [INFO] BlockDiagram:2759 - set Specific Code input for plugin: USART
2026-09-14 21:43:42,441 [INFO] BlockDiagram:2759 - set Specific Code input for plugin: GPIO
2026-09-14 21:43:42,442 [INFO] CodeGenerator:793 - code generatio: config db path: /app/stm32cubeide/plugins/com.st.stm32cube.common.mx_6.8.0.202302231600//db/
2026-09-14 21:43:42,614 [INFO] CodeEngine:255 - oldGeneratedFile, /home/abderrahim/Bureau/TEMP/LoRa/Projet_IOT/Projets_STM/Heart Rate Sensor/MXTmpFiles/license.tmp_save
2026-09-14 21:43:42,696 [INFO] CodeEngine:279 - Generated code: /home/abderrahim/Bureau/TEMP/LoRa/Projet_IOT/Projets_STM/Heart Rate Sensor/MXTmpFiles/license.tmp
2026-09-14 21:43:42,722 [INFO] CodeEngine:255 - oldGeneratedFile, /home/abderrahim/Bureau/TEMP/LoRa/Projet_IOT/Projets_STM/Heart Rate Sensor/MXTmpFiles/gpio.tmp_save
2026-09-14 21:43:42,784 [INFO] CodeEngine:279 - Generated code: /home/abderrahim/Bureau/TEMP/LoRa/Projet_IOT/Projets_STM/Heart Rate Sensor/MXTmpFiles/gpio.tmp
2026-09-14 21:43:42,848 [INFO] CodeEngine:255 - oldGeneratedFile, /home/abderrahim/Bureau/TEMP/LoRa/Projet_IOT/Projets_STM/Heart Rate Sensor/Core/Src/stm32l4xx_it.c_save
2026-09-14 21:43:43,063 [INFO] CodeEngine:279 - Generated code: /home/abderrahim/Bureau/TEMP/LoRa/Projet_IOT/Projets_STM/Heart Rate Sensor/Core/Src/stm32l4xx_it.c
2026-09-14 21:43:43,064 [INFO] CodeEngine:255 - oldGeneratedFile, /home/abderrahim/Bureau/TEMP/LoRa/Projet_IOT/Projets_STM/Heart Rate Sensor/Core/Inc/stm32l4xx_it.h_save
2026-09-14 21:43:43,108 [INFO] CodeEngine:279 - Generated code: /home/abderrahim/Bureau/TEMP/LoRa/Projet_IOT/Projets_STM/Heart Rate Sensor/Core/Inc/stm32l4xx_it.h
2026-09-14 21:43:43,120 [INFO] CodeEngine:255 - oldGeneratedFile, /home/abderrahim/Bureau/TEMP/LoRa/Projet_IOT/Projets_STM/Heart Rate Sensor/Core/Src/stm32l4xx_hal_msp.c_save
2026-09-14 21:43:43,207 [INFO] CodeEngine:279 - Generated code: /home/abderrahim/Bureau/TEMP/LoRa/Projet_IOT/Projets_STM/Heart Rate Sensor/Core/Src/stm32l4xx_hal_msp.c
2026-09-14 21:43:43,208 [INFO] CodeEngine:255 - oldGeneratedFile, /home/abderrahim/Bureau/TEMP/LoRa/Projet_IOT/Projets_STM/Heart Rate Sensor/MXTmpFiles/system.tmp_save
2026-09-14 21:43:43,251 [INFO] CodeEngine:279 - Generated code: /home/abderrahim/Bureau/TEMP/LoRa/Projet_IOT/Projets_STM/Heart Rate Sensor/MXTmpFiles/system.tmp
2026-09-14 21:43:43,253 [INFO] CodeEngine:311 - oldGeneratedFile, /home/abderrahim/Bureau/TEMP/LoRa/Projet_IOT/Projets_STM/Heart Rate Sensor/Core/Inc/stm32l4xx_hal_conf.h_save
2026-09-14 21:43:43,301 [INFO] CodeEngine:335 - Generated code: /home/abderrahim/Bureau/TEMP/LoRa/Projet_IOT/Projets_STM/Heart Rate Sensor/Core/Inc/stm32l4xx_hal_conf.h
2026-09-14 21:43:43,315 [INFO] CodeEngine:255 - oldGeneratedFile, /home/abderrahim/Bureau/TEMP/LoRa/Projet_IOT/Projets_STM/Heart Rate Sensor/Core/Inc/main.h_save
2026-09-14 21:43:43,385 [INFO] CodeEngine:279 - Generated code: /home/abderrahim/Bureau/TEMP/LoRa/Projet_IOT/Projets_STM/Heart Rate Sensor/Core/Inc/main.h
2026-09-14 21:43:43,386 [INFO] CodeEngine:255 - oldGeneratedFile, /home/abderrahim/Bureau/TEMP/LoRa/Projet_IOT/Projets_STM/Heart Rate Sensor/Core/Src/main.c_save
2026-09-14 21:43:43,459 [INFO] CodeEngine:279 - Generated code: /home/abderrahim/Bureau/TEMP/LoRa/Projet_IOT/Projets_STM/Heart Rate Sensor/Core/Src/main.c
2026-09-14 21:43:43,821 [INFO] ProjectBuilder:2996 - Time for Copy HAL[1] : 34mS.
2026-09-14 21:43:43,822 [INFO] ProjectBuilder:4304 - Project Generator version: 3.19.2
2026-09-14 21:43:44,069 [INFO] ConfigFileManager:1483 - The Die is : DIE415
2026-09-14 21:43:44,895 [INFO] ProjectBuilder:4505 - Time for Generating toolchain IDE Files: 1073mS.
2026-09-14 21:43:44,895 [INFO] ProjectBuilder:2867 - Time for Copy CMSIS : 0mS.
2026-09-14 21:43:44,896 [INFO] ProjectBuilder:2867 - Time for Copy CMSIS : 0mS.
2026-09-14 21:43:51,082 [ERROR] LogOutputStream:75 - [STDERR_REDIRECT] Exception in thread "AWT-EventQueue-0" java.lang.ClassCastException: class sun.awt.X11.XEmbeddedFrame cannot be cast to class javax.swing.JFrame (sun.awt.X11.XEmbeddedFrame and javax.swing.JFrame are in module java.desktop of loader 'bootstrap')
2026-09-14 21:43:51,082 [ERROR] LogOutputStream:75 - [STDERR_REDIRECT] 	at com.st.microxplorer.plugins.clock.ClockConfigurationView.activatePlugin(ClockConfigurationView.java:425)
2026-09-14 21:43:51,082 [ERROR] LogOutputStream:75 - [STDERR_REDIRECT] 	at com.st.microxplorer.maingui.MainPanel$1.stateChanged(MainPanel.java:358)
2026-09-14 21:43:51,082 [ERROR] LogOutputStream:75 - [STDERR_REDIRECT] 	at java.desktop/javax.swing.JTabbedPane.fireStateChanged(JTabbedPane.java:418)
2026-09-14 21:43:51,083 [ERROR] LogOutputStream:75 - [STDERR_REDIRECT] 	at java.desktop/javax.swing.JTabbedPane$ModelListener.stateChanged(JTabbedPane.java:269)
2026-09-14 21:43:51,083 [ERROR] LogOutputStream:75 - [STDERR_REDIRECT] 	at java.desktop/javax.swing.DefaultSingleSelectionModel.fireStateChanged(DefaultSingleSelectionModel.java:143)
2026-09-14 21:43:51,083 [ERROR] LogOutputStream:75 - [STDERR_REDIRECT] 	at java.desktop/javax.swing.DefaultSingleSelectionModel.setSelectedIndex(DefaultSingleSelectionModel.java:74)
2026-09-14 21:43:51,083 [ERROR] LogOutputStream:75 - [STDERR_REDIRECT] 	at java.desktop/javax.swing.JTabbedPane.setSelectedIndexImpl(JTabbedPane.java:622)
2026-09-14 21:43:51,083 [ERROR] LogOutputStream:75 - [STDERR_REDIRECT] 	at java.desktop/javax.swing.JTabbedPane.setSelectedIndex(JTabbedPane.java:597)
2026-09-14 21:43:51,083 [ERROR] LogOutputStream:75 - [STDERR_REDIRECT] 	at java.desktop/javax.swing.plaf.basic.BasicTabbedPaneUI$Handler.mousePressed(BasicTabbedPaneUI.java:4090)
2026-09-14 21:43:51,083 [ERROR] LogOutputStream:75 - [STDERR_REDIRECT] 	at java.desktop/java.awt.Component.processMouseEvent(Component.java:6632)
2026-09-14 21:43:51,083 [ERROR] LogOutputStream:75 - [STDERR_REDIRECT] 	at java.desktop/javax.swing.JComponent.processMouseEvent(JComponent.java:3342)
2026-09-14 21:43:51,083 [ERROR] LogOutputStream:75 - [STDERR_REDIRECT] 	at java.desktop/java.awt.Component.processEvent(Component.java:6400)
2026-09-14 21:43:51,083 [ERROR] LogOutputStream:75 - [STDERR_REDIRECT] 	at java.desktop/java.awt.Container.processEvent(Container.java:2263)
2026-09-14 21:43:51,083 [ERROR] LogOutputStream:75 - [STDERR_REDIRECT] 	at java.desktop/java.awt.Component.dispatchEventImpl(Component.java:5011)
2026-09-14 21:43:51,084 [ERROR] LogOutputStream:75 - [STDERR_REDIRECT] 	at java.desktop/java.awt.Container.dispatchEventImpl(Container.java:2321)
2026-09-14 21:43:51,084 [ERROR] LogOutputStream:75 - [STDERR_REDIRECT] 	at java.desktop/java.awt.Component.dispatchEvent(Component.java:4843)
2026-09-14 21:43:51,084 [ERROR] LogOutputStream:75 - [STDERR_REDIRECT] 	at java.desktop/java.awt.LightweightDispatcher.retargetMouseEvent(Container.java:4918)
2026-09-14 21:43:51,084 [ERROR] LogOutputStream:75 - [STDERR_REDIRECT] 	at java.desktop/java.awt.LightweightDispatcher.processMouseEvent(Container.java:4544)
2026-09-14 21:43:51,084 [ERROR] LogOutputStream:75 - [STDERR_REDIRECT] 	at java.desktop/java.awt.LightweightDispatcher.dispatchEvent(Container.java:4488)
2026-09-14 21:43:51,084 [ERROR] LogOutputStream:75 - [STDERR_REDIRECT] 	at java.desktop/java.awt.Container.dispatchEventImpl(Container.java:2307)
2026-09-14 21:43:51,084 [ERROR] LogOutputStream:75 - [STDERR_REDIRECT] 	at java.desktop/java.awt.Component.dispatchEvent(Component.java:4843)
2026-09-14 21:43:51,084 [ERROR] LogOutputStream:75 - [STDERR_REDIRECT] 	at java.desktop/java.awt.EventQueue.dispatchEventImpl(EventQueue.java:772)
2026-09-14 21:43:51,084 [ERROR] LogOutputStream:75 - [STDERR_REDIRECT] 	at java.desktop/java.awt.EventQueue$4.run(EventQueue.java:721)
2026-09-14 21:43:51,084 [ERROR] LogOutputStream:75 - [STDERR_REDIRECT] 	at java.desktop/java.awt.EventQueue$4.run(EventQueue.java:715)
2026-09-14 21:43:51,085 [ERROR] LogOutputStream:75 - [STDERR_REDIRECT] 	at java.base/java.security.AccessController.doPrivileged(Native Method)
2026-09-14 21:43:51,085 [ERROR] LogOutputStream:75 - [STDERR_REDIRECT] 	at java.base/java.security.ProtectionDomain$JavaSecurityAccessImpl.doIntersectionPrivilege(ProtectionDomain.java:85)
2026-09-14 21:43:51,085 [ERROR] LogOutputStream:75 - [STDERR_REDIRECT] 	at java.base/java.security.ProtectionDomain$JavaSecurityAccessImpl.doIntersectionPrivilege(ProtectionDomain.java:95)
2026-09-14 21:43:51,085 [ERROR] LogOutputStream:75 - [STDERR_REDIRECT] 	at java.desktop/java.awt.EventQueue$5.run(EventQueue.java:745)
2026-09-14 21:43:51,085 [ERROR] LogOutputStream:75 - [STDERR_REDIRECT] 	at java.desktop/java.awt.EventQueue$5.run(EventQueue.java:743)
2026-09-14 21:43:51,085 [ERROR] LogOutputStream:75 - [STDERR_REDIRECT] 	at java.base/java.security.AccessController.doPrivileged(Native Method)
2026-09-14 21:43:51,085 [ERROR] LogOutputStream:75 - [STDERR_REDIRECT] 	at java.base/java.security.ProtectionDomain$JavaSecurityAccessImpl.doIntersectionPrivilege(ProtectionDomain.java:85)
2026-09-14 21:43:51,085 [ERROR] LogOutputStream:75 - [STDERR_REDIRECT] 	at java.desktop/java.awt.EventQueue.dispatchEvent(EventQueue.java:742)
2026-09-14 21:43:51,086 [ERROR] LogOutputStream:75 - [STDERR_REDIRECT] 	at java.desktop/java.awt.EventDispatchThread.pumpOneEventForFilters(EventDispatchThread.java:203)
2026-09-14 21:43:51,086 [ERROR] LogOutputStream:75 - [STDERR_REDIRECT] 	at java.desktop/java.awt.EventDispatchThread.pumpEventsForFilter(EventDispatchThread.java:124)
2026-09-14 21:43:51,086 [ERROR] LogOutputStream:75 - [STDERR_REDIRECT] 	at java.desktop/java.awt.EventDispatchThread.pumpEventsForHierarchy(EventDispatchThread.java:113)
2026-09-14 21:43:51,086 [ERROR] LogOutputStream:75 - [STDERR_REDIRECT] 	at java.desktop/java.awt.EventDispatchThread.pumpEvents(EventDispatchThread.java:109)
2026-09-14 21:43:51,086 [ERROR] LogOutputStream:75 - [STDERR_REDIRECT] 	at java.desktop/java.awt.EventDispatchThread.pumpEvents(EventDispatchThread.java:101)
2026-09-14 21:43:51,086 [ERROR] LogOutputStream:75 - [STDERR_REDIRECT] 	at java.desktop/java.awt.EventDispatchThread.run(EventDispatchThread.java:90)
2026-09-14 21:46:13,885 [INFO] UtilMem:75 - End SaveConfig() Used Memory: 569865824 Bytes (730857472)
2026-09-14 21:46:15,724 [INFO] UtilMem:75 - End SaveConfig() Used Memory: 332969592 Bytes (730857472)
2026-09-14 21:46:15,867 [INFO] ProjectBuilder:2308 - IP not ready for code generation: Clock
2026-09-14 21:46:17,573 [INFO] BlockDiagram:2759 - set Specific Code input for plugin: ADC
2026-09-14 21:46:17,573 [INFO] BlockDiagram:2759 - set Specific Code input for plugin: RCC
2026-09-14 21:46:17,573 [INFO] BlockDiagram:2759 - set Specific Code input for plugin: NVIC
2026-09-14 21:46:17,573 [INFO] BlockDiagram:2759 - set Specific Code input for plugin: USART
2026-09-14 21:46:17,574 [INFO] BlockDiagram:2759 - set Specific Code input for plugin: GPIO
2026-09-14 21:46:17,574 [INFO] CodeGenerator:793 - code generatio: config db path: /app/stm32cubeide/plugins/com.st.stm32cube.common.mx_6.8.0.202302231600//db/
2026-09-14 21:46:17,698 [INFO] CodeEngine:255 - oldGeneratedFile, /home/abderrahim/Bureau/TEMP/LoRa/Projet_IOT/Projets_STM/Heart Rate Sensor/MXTmpFiles/license.tmp_save
2026-09-14 21:46:17,748 [INFO] CodeEngine:279 - Generated code: /home/abderrahim/Bureau/TEMP/LoRa/Projet_IOT/Projets_STM/Heart Rate Sensor/MXTmpFiles/license.tmp
2026-09-14 21:46:17,757 [INFO] CodeEngine:255 - oldGeneratedFile, /home/abderrahim/Bureau/TEMP/LoRa/Projet_IOT/Projets_STM/Heart Rate Sensor/MXTmpFiles/gpio.tmp_save
2026-09-14 21:46:17,801 [INFO] CodeEngine:279 - Generated code: /home/abderrahim/Bureau/TEMP/LoRa/Projet_IOT/Projets_STM/Heart Rate Sensor/MXTmpFiles/gpio.tmp
2026-09-14 21:46:17,848 [INFO] CodeEngine:255 - oldGeneratedFile, /home/abderrahim/Bureau/TEMP/LoRa/Projet_IOT/Projets_STM/Heart Rate Sensor/Core/Src/stm32l4xx_it.c_save
2026-09-14 21:46:17,897 [INFO] CodeEngine:279 - Generated code: /home/abderrahim/Bureau/TEMP/LoRa/Projet_IOT/Projets_STM/Heart Rate Sensor/Core/Src/stm32l4xx_it.c
2026-09-14 21:46:17,898 [INFO] CodeEngine:255 - oldGeneratedFile, /home/abderrahim/Bureau/TEMP/LoRa/Projet_IOT/Projets_STM/Heart Rate Sensor/Core/Inc/stm32l4xx_it.h_save
2026-09-14 21:46:17,937 [INFO] CodeEngine:279 - Generated code: /home/abderrahim/Bureau/TEMP/LoRa/Projet_IOT/Projets_STM/Heart Rate Sensor/Core/Inc/stm32l4xx_it.h
2026-09-14 21:46:17,947 [INFO] CodeEngine:255 - oldGeneratedFile, /home/abderrahim/Bureau/TEMP/LoRa/Projet_IOT/Projets_STM/Heart Rate Sensor/Core/Src/stm32l4xx_hal_msp.c_save
2026-09-14 21:46:18,011 [INFO] CodeEngine:279 - Generated code: /home/abderrahim/Bureau/TEMP/LoRa/Projet_IOT/Projets_STM/Heart Rate Sensor/Core/Src/stm32l4xx_hal_msp.c
2026-09-14 21:46:18,012 [INFO] CodeEngine:255 - oldGeneratedFile, /home/abderrahim/Bureau/TEMP/LoRa/Projet_IOT/Projets_STM/Heart Rate Sensor/MXTmpFiles/system.tmp_save
2026-09-14 21:46:18,052 [INFO] CodeEngine:279 - Generated code: /home/abderrahim/Bureau/TEMP/LoRa/Projet_IOT/Projets_STM/Heart Rate Sensor/MXTmpFiles/system.tmp
2026-09-14 21:46:18,054 [INFO] CodeEngine:311 - oldGeneratedFile, /home/abderrahim/Bureau/TEMP/LoRa/Projet_IOT/Projets_STM/Heart Rate Sensor/Core/Inc/stm32l4xx_hal_conf.h_save
2026-09-14 21:46:18,098 [INFO] CodeEngine:335 - Generated code: /home/abderrahim/Bureau/TEMP/LoRa/Projet_IOT/Projets_STM/Heart Rate Sensor/Core/Inc/stm32l4xx_hal_conf.h
2026-09-14 21:46:18,110 [INFO] CodeEngine:255 - oldGeneratedFile, /home/abderrahim/Bureau/TEMP/LoRa/Projet_IOT/Projets_STM/Heart Rate Sensor/Core/Inc/main.h_save
2026-09-14 21:46:18,150 [INFO] CodeEngine:279 - Generated code: /home/abderrahim/Bureau/TEMP/LoRa/Projet_IOT/Projets_STM/Heart Rate Sensor/Core/Inc/main.h
2026-09-14 21:46:18,152 [INFO] CodeEngine:255 - oldGeneratedFile, /home/abderrahim/Bureau/TEMP/LoRa/Projet_IOT/Projets_STM/Heart Rate Sensor/Core/Src/main.c_save
2026-09-14 21:46:18,265 [INFO] CodeEngine:279 - Generated code: /home/abderrahim/Bureau/TEMP/LoRa/Projet_IOT/Projets_STM/Heart Rate Sensor/Core/Src/main.c
2026-09-14 21:46:18,575 [INFO] ProjectBuilder:2996 - Time for Copy HAL[1] : 18mS.
2026-09-14 21:46:18,576 [INFO] ProjectBuilder:4304 - Project Generator version: 3.19.2
2026-09-14 21:46:18,803 [INFO] ConfigFileManager:1483 - The Die is : DIE415
2026-09-14 21:46:19,688 [INFO] ProjectBuilder:4505 - Time for Generating toolchain IDE Files: 1112mS.
2026-09-14 21:46:19,688 [INFO] ProjectBuilder:2867 - Time for Copy CMSIS : 0mS.
2026-09-14 21:46:19,688 [INFO] ProjectBuilder:2867 - Time for Copy CMSIS : 0mS.
2026-09-14 21:46:32,277 [INFO] UtilMem:75 - End SaveConfig() Used Memory: 357116856 Bytes (745537536)
2026-09-14 21:46:34,473 [INFO] UtilMem:75 - End SaveConfig() Used Memory: 454112184 Bytes (745537536)
2026-09-14 21:46:34,674 [INFO] BlockDiagram:2759 - set Specific Code input for plugin: ADC
2026-09-14 21:46:34,675 [INFO] BlockDiagram:2759 - set Specific Code input for plugin: RCC
2026-09-14 21:46:34,675 [INFO] BlockDiagram:2759 - set Specific Code input for plugin: NVIC
2026-09-14 21:46:34,675 [INFO] BlockDiagram:2759 - set Specific Code input for plugin: USART
2026-09-14 21:46:34,675 [INFO] BlockDiagram:2759 - set Specific Code input for plugin: GPIO
2026-09-14 21:46:34,675 [INFO] CodeGenerator:793 - code generatio: config db path: /app/stm32cubeide/plugins/com.st.stm32cube.common.mx_6.8.0.202302231600//db/
2026-09-14 21:46:34,862 [INFO] CodeEngine:255 - oldGeneratedFile, /home/abderrahim/Bureau/TEMP/LoRa/Projet_IOT/Projets_STM/Heart Rate Sensor/MXTmpFiles/license.tmp_save
2026-09-14 21:46:34,925 [INFO] CodeEngine:279 - Generated code: /home/abderrahim/Bureau/TEMP/LoRa/Projet_IOT/Projets_STM/Heart Rate Sensor/MXTmpFiles/license.tmp
2026-09-14 21:46:34,936 [INFO] CodeEngine:255 - oldGeneratedFile, /home/abderrahim/Bureau/TEMP/LoRa/Projet_IOT/Projets_STM/Heart Rate Sensor/MXTmpFiles/gpio.tmp_save
2026-09-14 21:46:35,010 [INFO] CodeEngine:279 - Generated code: /home/abderrahim/Bureau/TEMP/LoRa/Projet_IOT/Projets_STM/Heart Rate Sensor/MXTmpFiles/gpio.tmp
2026-09-14 21:46:35,088 [INFO] CodeEngine:255 - oldGeneratedFile, /home/abderrahim/Bureau/TEMP/LoRa/Projet_IOT/Projets_STM/Heart Rate Sensor/Core/Src/stm32l4xx_it.c_save
2026-09-14 21:46:35,133 [INFO] CodeEngine:279 - Generated code: /home/abderrahim/Bureau/TEMP/LoRa/Projet_IOT/Projets_STM/Heart Rate Sensor/Core/Src/stm32l4xx_it.c
2026-09-14 21:46:35,134 [INFO] CodeEngine:255 - oldGeneratedFile, /home/abderrahim/Bureau/TEMP/LoRa/Projet_IOT/Projets_STM/Heart Rate Sensor/Core/Inc/stm32l4xx_it.h_save
2026-09-14 21:46:35,172 [INFO] CodeEngine:279 - Generated code: /home/abderrahim/Bureau/TEMP/LoRa/Projet_IOT/Projets_STM/Heart Rate Sensor/Core/Inc/stm32l4xx_it.h
2026-09-14 21:46:35,181 [INFO] CodeEngine:255 - oldGeneratedFile, /home/abderrahim/Bureau/TEMP/LoRa/Projet_IOT/Projets_STM/Heart Rate Sensor/Core/Src/stm32l4xx_hal_msp.c_save
2026-09-14 21:46:35,238 [INFO] CodeEngine:279 - Generated code: /home/abderrahim/Bureau/TEMP/LoRa/Projet_IOT/Projets_STM/Heart Rate Sensor/Core/Src/stm32l4xx_hal_msp.c
2026-09-14 21:46:35,239 [INFO] CodeEngine:255 - oldGeneratedFile, /home/abderrahim/Bureau/TEMP/LoRa/Projet_IOT/Projets_STM/Heart Rate Sensor/MXTmpFiles/system.tmp_save
2026-09-14 21:46:35,276 [INFO] CodeEngine:279 - Generated code: /home/abderrahim/Bureau/TEMP/LoRa/Projet_IOT/Projets_STM/Heart Rate Sensor/MXTmpFiles/system.tmp
2026-09-14 21:46:35,277 [INFO] CodeEngine:311 - oldGeneratedFile, /home/abderrahim/Bureau/TEMP/LoRa/Projet_IOT/Projets_STM/Heart Rate Sensor/Core/Inc/stm32l4xx_hal_conf.h_save
2026-09-14 21:46:35,317 [INFO] CodeEngine:335 - Generated code: /home/abderrahim/Bureau/TEMP/LoRa/Projet_IOT/Projets_STM/Heart Rate Sensor/Core/Inc/stm32l4xx_hal_conf.h
2026-09-14 21:46:35,327 [INFO] CodeEngine:255 - oldGeneratedFile, /home/abderrahim/Bureau/TEMP/LoRa/Projet_IOT/Projets_STM/Heart Rate Sensor/Core/Inc/main.h_save
2026-09-14 21:46:35,367 [INFO] CodeEngine:279 - Generated code: /home/abderrahim/Bureau/TEMP/LoRa/Projet_IOT/Projets_STM/Heart Rate Sensor/Core/Inc/main.h
2026-09-14 21:46:35,368 [INFO] CodeEngine:255 - oldGeneratedFile, /home/abderrahim/Bureau/TEMP/LoRa/Projet_IOT/Projets_STM/Heart Rate Sensor/Core/Src/main.c_save
2026-09-14 21:46:35,426 [INFO] CodeEngine:279 - Generated code: /home/abderrahim/Bureau/TEMP/LoRa/Projet_IOT/Projets_STM/Heart Rate Sensor/Core/Src/main.c
2026-09-14 21:46:35,739 [INFO] ProjectBuilder:2996 - Time for Copy HAL[1] : 15mS.
2026-09-14 21:46:35,740 [INFO] ProjectBuilder:4304 - Project Generator version: 3.19.2
2026-09-14 21:46:35,986 [INFO] ConfigFileManager:1483 - The Die is : DIE415
2026-09-14 21:46:36,865 [INFO] ProjectBuilder:4505 - Time for Generating toolchain IDE Files: 1125mS.
2026-09-14 21:46:36,865 [INFO] ProjectBuilder:2867 - Time for Copy CMSIS : 0mS.
2026-09-14 21:46:36,866 [INFO] ProjectBuilder:2867 - Time for Copy CMSIS : 0mS.
2026-09-14 21:46:46,955 [INFO] UtilMem:75 - End SaveConfig() Used Memory: 345393304 Bytes (851443712)
2026-09-14 21:46:48,887 [INFO] UtilMem:75 - End SaveConfig() Used Memory: 443693992 Bytes (851443712)
2026-09-14 21:46:49,039 [INFO] BlockDiagram:2759 - set Specific Code input for plugin: ADC
2026-09-14 21:46:49,039 [INFO] BlockDiagram:2759 - set Specific Code input for plugin: RCC
2026-09-14 21:46:49,039 [INFO] BlockDiagram:2759 - set Specific Code input for plugin: NVIC
2026-09-14 21:46:49,039 [INFO] BlockDiagram:2759 - set Specific Code input for plugin: USART
2026-09-14 21:46:49,039 [INFO] BlockDiagram:2759 - set Specific Code input for plugin: GPIO
2026-09-14 21:46:49,039 [INFO] CodeGenerator:793 - code generatio: config db path: /app/stm32cubeide/plugins/com.st.stm32cube.common.mx_6.8.0.202302231600//db/
2026-09-14 21:46:49,212 [INFO] CodeEngine:255 - oldGeneratedFile, /home/abderrahim/Bureau/TEMP/LoRa/Projet_IOT/Projets_STM/Heart Rate Sensor/MXTmpFiles/license.tmp_save
2026-09-14 21:46:49,249 [INFO] CodeEngine:279 - Generated code: /home/abderrahim/Bureau/TEMP/LoRa/Projet_IOT/Projets_STM/Heart Rate Sensor/MXTmpFiles/license.tmp
2026-09-14 21:46:49,256 [INFO] CodeEngine:255 - oldGeneratedFile, /home/abderrahim/Bureau/TEMP/LoRa/Projet_IOT/Projets_STM/Heart Rate Sensor/MXTmpFiles/gpio.tmp_save
2026-09-14 21:46:49,294 [INFO] CodeEngine:279 - Generated code: /home/abderrahim/Bureau/TEMP/LoRa/Projet_IOT/Projets_STM/Heart Rate Sensor/MXTmpFiles/gpio.tmp
2026-09-14 21:46:49,333 [INFO] CodeEngine:255 - oldGeneratedFile, /home/abderrahim/Bureau/TEMP/LoRa/Projet_IOT/Projets_STM/Heart Rate Sensor/Core/Src/stm32l4xx_it.c_save
2026-09-14 21:46:49,397 [INFO] CodeEngine:279 - Generated code: /home/abderrahim/Bureau/TEMP/LoRa/Projet_IOT/Projets_STM/Heart Rate Sensor/Core/Src/stm32l4xx_it.c
2026-09-14 21:46:49,398 [INFO] CodeEngine:255 - oldGeneratedFile, /home/abderrahim/Bureau/TEMP/LoRa/Projet_IOT/Projets_STM/Heart Rate Sensor/Core/Inc/stm32l4xx_it.h_save
2026-09-14 21:46:49,437 [INFO] CodeEngine:279 - Generated code: /home/abderrahim/Bureau/TEMP/LoRa/Projet_IOT/Projets_STM/Heart Rate Sensor/Core/Inc/stm32l4xx_it.h
2026-09-14 21:46:49,446 [INFO] CodeEngine:255 - oldGeneratedFile, /home/abderrahim/Bureau/TEMP/LoRa/Projet_IOT/Projets_STM/Heart Rate Sensor/Core/Src/stm32l4xx_hal_msp.c_save
2026-09-14 21:46:49,508 [INFO] CodeEngine:279 - Generated code: /home/abderrahim/Bureau/TEMP/LoRa/Projet_IOT/Projets_STM/Heart Rate Sensor/Core/Src/stm32l4xx_hal_msp.c
2026-09-14 21:46:49,509 [INFO] CodeEngine:255 - oldGeneratedFile, /home/abderrahim/Bureau/TEMP/LoRa/Projet_IOT/Projets_STM/Heart Rate Sensor/MXTmpFiles/system.tmp_save
2026-09-14 21:46:49,553 [INFO] CodeEngine:279 - Generated code: /home/abderrahim/Bureau/TEMP/LoRa/Projet_IOT/Projets_STM/Heart Rate Sensor/MXTmpFiles/system.tmp
2026-09-14 21:46:49,554 [INFO] CodeEngine:311 - oldGeneratedFile, /home/abderrahim/Bureau/TEMP/LoRa/Projet_IOT/Projets_STM/Heart Rate Sensor/Core/Inc/stm32l4xx_hal_conf.h_save
2026-09-14 21:46:49,597 [INFO] CodeEngine:335 - Generated code: /home/abderrahim/Bureau/TEMP/LoRa/Projet_IOT/Projets_STM/Heart Rate Sensor/Core/Inc/stm32l4xx_hal_conf.h
2026-09-14 21:46:49,608 [INFO] CodeEngine:255 - oldGeneratedFile, /home/abderrahim/Bureau/TEMP/LoRa/Projet_IOT/Projets_STM/Heart Rate Sensor/Core/Inc/main.h_save
2026-09-14 21:46:49,650 [INFO] CodeEngine:279 - Generated code: /home/abderrahim/Bureau/TEMP/LoRa/Projet_IOT/Projets_STM/Heart Rate Sensor/Core/Inc/main.h
2026-09-14 21:46:49,651 [INFO] CodeEngine:255 - oldGeneratedFile, /home/abderrahim/Bureau/TEMP/LoRa/Projet_IOT/Projets_STM/Heart Rate Sensor/Core/Src/main.c_save
2026-09-14 21:46:49,714 [INFO] CodeEngine:279 - Generated code: /home/abderrahim/Bureau/TEMP/LoRa/Projet_IOT/Projets_STM/Heart Rate Sensor/Core/Src/main.c
2026-09-14 21:46:50,109 [INFO] ProjectBuilder:2996 - Time for Copy HAL[1] : 19mS.
2026-09-14 21:46:50,110 [INFO] ProjectBuilder:4304 - Project Generator version: 3.19.2
2026-09-14 21:46:50,265 [INFO] ConfigFileManager:1483 - The Die is : DIE415
2026-09-14 21:46:51,042 [INFO] ProjectBuilder:4505 - Time for Generating toolchain IDE Files: 932mS.
2026-09-14 21:46:51,042 [INFO] ProjectBuilder:2867 - Time for Copy CMSIS : 0mS.
2026-09-14 21:46:51,043 [INFO] ProjectBuilder:2867 - Time for Copy CMSIS : 0mS.
2026-09-14 21:47:31,970 [INFO] UtilMem:75 - End SaveConfig() Used Memory: 655198816 Bytes (851443712)
2026-09-14 21:47:33,297 [INFO] UtilMem:75 - End SaveConfig() Used Memory: 309726224 Bytes (851443712)
2026-09-14 21:47:33,445 [INFO] BlockDiagram:2759 - set Specific Code input for plugin: ADC
2026-09-14 21:47:33,445 [INFO] BlockDiagram:2759 - set Specific Code input for plugin: RCC
2026-09-14 21:47:33,445 [INFO] BlockDiagram:2759 - set Specific Code input for plugin: NVIC
2026-09-14 21:47:33,445 [INFO] BlockDiagram:2759 - set Specific Code input for plugin: USART
2026-09-14 21:47:33,445 [INFO] BlockDiagram:2759 - set Specific Code input for plugin: GPIO
2026-09-14 21:47:33,446 [INFO] CodeGenerator:793 - code generatio: config db path: /app/stm32cubeide/plugins/com.st.stm32cube.common.mx_6.8.0.202302231600//db/
2026-09-14 21:47:33,587 [INFO] CodeEngine:255 - oldGeneratedFile, /home/abderrahim/Bureau/TEMP/LoRa/Projet_IOT/Projets_STM/Heart Rate Sensor/MXTmpFiles/license.tmp_save
2026-09-14 21:47:33,630 [INFO] CodeEngine:279 - Generated code: /home/abderrahim/Bureau/TEMP/LoRa/Projet_IOT/Projets_STM/Heart Rate Sensor/MXTmpFiles/license.tmp
2026-09-14 21:47:33,637 [INFO] CodeEngine:255 - oldGeneratedFile, /home/abderrahim/Bureau/TEMP/LoRa/Projet_IOT/Projets_STM/Heart Rate Sensor/MXTmpFiles/gpio.tmp_save
2026-09-14 21:47:33,678 [INFO] CodeEngine:279 - Generated code: /home/abderrahim/Bureau/TEMP/LoRa/Projet_IOT/Projets_STM/Heart Rate Sensor/MXTmpFiles/gpio.tmp
2026-09-14 21:47:33,731 [INFO] CodeEngine:255 - oldGeneratedFile, /home/abderrahim/Bureau/TEMP/LoRa/Projet_IOT/Projets_STM/Heart Rate Sensor/Core/Src/stm32l4xx_it.c_save
2026-09-14 21:47:33,782 [INFO] CodeEngine:279 - Generated code: /home/abderrahim/Bureau/TEMP/LoRa/Projet_IOT/Projets_STM/Heart Rate Sensor/Core/Src/stm32l4xx_it.c
2026-09-14 21:47:33,783 [INFO] CodeEngine:255 - oldGeneratedFile, /home/abderrahim/Bureau/TEMP/LoRa/Projet_IOT/Projets_STM/Heart Rate Sensor/Core/Inc/stm32l4xx_it.h_save
2026-09-14 21:47:33,821 [INFO] CodeEngine:279 - Generated code: /home/abderrahim/Bureau/TEMP/LoRa/Projet_IOT/Projets_STM/Heart Rate Sensor/Core/Inc/stm32l4xx_it.h
2026-09-14 21:47:33,830 [INFO] CodeEngine:255 - oldGeneratedFile, /home/abderrahim/Bureau/TEMP/LoRa/Projet_IOT/Projets_STM/Heart Rate Sensor/Core/Src/stm32l4xx_hal_msp.c_save
2026-09-14 21:47:33,886 [INFO] CodeEngine:279 - Generated code: /home/abderrahim/Bureau/TEMP/LoRa/Projet_IOT/Projets_STM/Heart Rate Sensor/Core/Src/stm32l4xx_hal_msp.c
2026-09-14 21:47:33,887 [INFO] CodeEngine:255 - oldGeneratedFile, /home/abderrahim/Bureau/TEMP/LoRa/Projet_IOT/Projets_STM/Heart Rate Sensor/MXTmpFiles/system.tmp_save
2026-09-14 21:47:33,923 [INFO] CodeEngine:279 - Generated code: /home/abderrahim/Bureau/TEMP/LoRa/Projet_IOT/Projets_STM/Heart Rate Sensor/MXTmpFiles/system.tmp
2026-09-14 21:47:33,924 [INFO] CodeEngine:311 - oldGeneratedFile, /home/abderrahim/Bureau/TEMP/LoRa/Projet_IOT/Projets_STM/Heart Rate Sensor/Core/Inc/stm32l4xx_hal_conf.h_save
2026-09-14 21:47:33,964 [INFO] CodeEngine:335 - Generated code: /home/abderrahim/Bureau/TEMP/LoRa/Projet_IOT/Projets_STM/Heart Rate Sensor/Core/Inc/stm32l4xx_hal_conf.h
2026-09-14 21:47:33,974 [INFO] CodeEngine:255 - oldGeneratedFile, /home/abderrahim/Bureau/TEMP/LoRa/Projet_IOT/Projets_STM/Heart Rate Sensor/Core/Inc/main.h_save
2026-09-14 21:47:34,020 [INFO] CodeEngine:279 - Generated code: /home/abderrahim/Bureau/TEMP/LoRa/Projet_IOT/Projets_STM/Heart Rate Sensor/Core/Inc/main.h
2026-09-14 21:47:34,021 [INFO] CodeEngine:255 - oldGeneratedFile, /home/abderrahim/Bureau/TEMP/LoRa/Projet_IOT/Projets_STM/Heart Rate Sensor/Core/Src/main.c_save
2026-09-14 21:47:34,071 [INFO] CodeEngine:279 - Generated code: /home/abderrahim/Bureau/TEMP/LoRa/Projet_IOT/Projets_STM/Heart Rate Sensor/Core/Src/main.c
2026-09-14 21:47:34,464 [INFO] ProjectBuilder:2996 - Time for Copy HAL[1] : 18mS.
2026-09-14 21:47:34,465 [INFO] ProjectBuilder:4304 - Project Generator version: 3.19.2
2026-09-14 21:47:34,616 [INFO] ConfigFileManager:1483 - The Die is : DIE415
2026-09-14 21:47:35,468 [INFO] ProjectBuilder:4505 - Time for Generating toolchain IDE Files: 1003mS.
2026-09-14 21:47:35,468 [INFO] ProjectBuilder:2867 - Time for Copy CMSIS : 0mS.
2026-09-14 21:47:35,468 [INFO] ProjectBuilder:2867 - Time for Copy CMSIS : 0mS.
